attempt_number,submission_time,runtime_ms,score,active
1,2026-01-23T16:29:32.213316-08:00,,0,FALSE
2,2026-01-23T16:30:23.625408-08:00,,0,FALSE
3,2026-01-23T16:31:19.581968-08:00,,0,FALSE
4,2026-01-23T18:41:17.363105-08:00,138.8,95,TRUE
1,2026-01-24T18:22:49.394672-08:00,,95,TRUE
1,2026-01-24T19:20:36.576851-08:00,3910.36,95,TRUE
1,2026-01-24T19:40:11.994643-08:00,,95,TRUE
1,2026-01-24T20:42:35.011587-08:00,898.91,95,TRUE
1,2026-01-24T18:50:40.150912-08:00,,0,FALSE
2,2026-01-24T21:11:58.989676-08:00,,95,TRUE
1,2026-01-24T21:43:04.066764-08:00,317.68,95,TRUE
1,2026-01-24T19:37:05.946759-08:00,,0,FALSE
2,2026-01-24T21:44:20.361383-08:00,,95,TRUE
1,2026-01-24T18:14:18.187814-08:00,,0,FALSE
2,2026-01-24T18:51:05.991783-08:00,,0,FALSE
3,2026-01-24T22:47:59.982936-08:00,,0,FALSE
4,2026-01-25T00:29:01.806309-08:00,223.44,95,TRUE
1,2026-01-25T01:20:17.000834-08:00,368.51,95,TRUE
1,2026-01-24T23:57:02.373129-08:00,,0,FALSE
2,2026-01-25T01:36:03.370475-08:00,,95,TRUE
1,2026-01-25T01:37:33.436094-08:00,891.22,95,TRUE
1,2026-01-25T01:43:39.879052-08:00,,95,TRUE
1,2026-01-24T21:36:29.578926-08:00,,82.0455,FALSE
2,2026-01-25T07:20:34.521494-08:00,,95,TRUE
1,2026-01-25T10:38:56.328141-08:00,,95,TRUE
1,2026-01-24T18:58:04.890220-08:00,,0,FALSE
2,2026-01-25T01:46:23.731126-08:00,,0,FALSE
3,2026-01-25T11:42:37.836241-08:00,13.63,95,TRUE
1,2026-01-25T12:18:47.102692-08:00,,95,TRUE
1,2026-01-25T12:54:13.966094-08:00,,95,TRUE
1,2026-01-25T14:09:33.874346-08:00,,95,TRUE
1,2026-01-25T13:57:38.589657-08:00,,0,FALSE
2,2026-01-25T15:45:22.267426-08:00,15032.06,95,TRUE
1,2026-01-25T16:14:41.752758-08:00,41.87,95,TRUE
1,2026-01-25T16:23:41.405811-08:00,,95,TRUE
1,2026-01-25T16:13:56.494409-08:00,,8.6364,FALSE
2,2026-01-25T16:30:11.205536-08:00,,8.6364,FALSE
3,2026-01-25T18:11:12.010348-08:00,16.3,95,TRUE
1,2026-01-25T18:24:25.698447-08:00,,95,TRUE
1,2026-01-25T18:58:12.644081-08:00,,95,TRUE
1,2026-01-25T18:59:02.049774-08:00,,95,TRUE
2,2026-01-28T19:12:32.213684-08:00,,0,FALSE
1,2026-01-25T16:18:14.241513-08:00,,0,FALSE
2,2026-01-25T16:18:50.057193-08:00,,0,FALSE
3,2026-01-25T16:25:03.309730-08:00,,0,FALSE
4,2026-01-25T18:14:41.135268-08:00,,0,FALSE
5,2026-01-25T19:19:25.700465-08:00,1980.45,95,TRUE
1,2026-01-25T15:54:27.827256-08:00,,51.8182,FALSE
2,2026-01-25T16:08:50.827784-08:00,,51.8182,FALSE
3,2026-01-25T19:43:16.835202-08:00,13.99,95,TRUE
1,2026-01-25T19:16:28.709302-08:00,,0,FALSE
2,2026-01-25T19:20:23.851311-08:00,,0,FALSE
3,2026-01-25T20:24:32.076838-08:00,,95,TRUE
1,2026-01-25T21:29:02.385412-08:00,,95,TRUE
1,2026-01-25T22:21:01.134951-08:00,,95,TRUE
1,2026-01-25T22:35:45.323540-08:00,,95,TRUE
1,2026-01-25T22:48:33.903464-08:00,,95,TRUE
1,2026-01-25T22:53:15.242258-08:00,,95,TRUE
1,2026-01-25T23:06:38.813002-08:00,,95,TRUE
1,2026-01-25T20:37:13.076132-08:00,,17.2727,FALSE
2,2026-01-25T21:10:39.721082-08:00,,17.2727,FALSE
3,2026-01-25T21:38:29.988632-08:00,,17.2727,FALSE
4,2026-01-25T23:44:35.060079-08:00,,95,TRUE
1,2026-01-25T23:53:41.274143-08:00,478.98,95,TRUE
1,2026-01-26T01:07:16.834583-08:00,168.35,95,TRUE
1,2026-01-26T03:52:07.274446-08:00,,95,FALSE
2,2026-01-26T04:01:14.674512-08:00,,95,TRUE
1,2026-01-25T23:00:26.464164-08:00,,86.3636,FALSE
2,2026-01-25T23:33:13.374272-08:00,,86.3636,FALSE
3,2026-01-26T00:10:06.165755-08:00,,86.3636,FALSE
4,2026-01-26T11:04:53.115634-08:00,313.44,95,TRUE
1,2026-01-25T08:14:24.510439-08:00,,0,FALSE
2,2026-01-25T08:21:54.946987-08:00,,0,FALSE
3,2026-01-25T09:42:30.734175-08:00,,0,FALSE
4,2026-01-25T10:31:22.560566-08:00,,0,FALSE
5,2026-01-25T10:45:11.101400-08:00,,0,FALSE
6,2026-01-26T11:56:20.060293-08:00,,95,TRUE
1,2026-01-26T10:14:03.725884-08:00,,34.5455,FALSE
2,2026-01-26T10:44:44.518000-08:00,,34.5455,FALSE
3,2026-01-26T10:45:04.305367-08:00,,34.5455,FALSE
4,2026-01-26T10:47:35.476976-08:00,,34.5455,FALSE
5,2026-01-26T11:57:49.400529-08:00,,95,TRUE
1,2026-01-26T12:13:10.192700-08:00,,95,TRUE
1,2026-01-26T12:35:51.777021-08:00,781.45,95,TRUE
1,2026-01-26T12:40:31.189938-08:00,150.78,95,TRUE
1,2026-01-25T09:57:36.657264-08:00,,0,FALSE
2,2026-01-26T08:42:11.606574-08:00,,0,FALSE
3,2026-01-26T13:02:25.232560-08:00,,95,TRUE
1,2026-01-26T13:11:56.513541-08:00,162.07,95,TRUE
1,2026-01-26T13:15:53.672979-08:00,2312.87,95,TRUE
1,2026-01-24T18:16:50.482979-08:00,285.57,95,FALSE
2,2026-01-24T22:34:36.803103-08:00,,95,FALSE
3,2026-01-24T23:51:02.034258-08:00,110.65,95,FALSE
4,2026-01-25T00:57:12.264841-08:00,,95,FALSE
5,2026-01-25T10:49:41.459613-08:00,38.09,95,FALSE
6,2026-01-25T22:03:24.105386-08:00,44.06,95,FALSE
7,2026-01-26T12:04:17.055763-08:00,-1,95,FALSE
8,2026-01-26T13:28:03.664080-08:00,109.7,95,TRUE
1,2026-01-26T13:44:10.178321-08:00,128.1,95,TRUE
1,2026-01-26T14:01:04.401026-08:00,3964.09,95,TRUE
1,2026-01-26T14:38:04.225774-08:00,,95,TRUE
1,2026-01-25T15:19:15.714200-08:00,,47.5,FALSE
2,2026-01-26T13:53:47.103100-08:00,,47.5,FALSE
3,2026-01-26T15:00:04.176795-08:00,,95,TRUE
1,2026-01-24T20:58:13.973009-08:00,,0,FALSE
2,2026-01-24T21:20:33.292314-08:00,,0,FALSE
3,2026-01-25T20:43:32.107489-08:00,-1,95,FALSE
4,2026-01-26T15:01:59.346393-08:00,3863.76,95,TRUE
1,2026-01-26T15:15:06.593054-08:00,,95,TRUE
1,2026-01-26T16:21:30.238415-08:00,38.26,95,TRUE
1,2026-01-26T16:33:03.915680-08:00,,95,TRUE
1,2026-01-26T16:42:19.301996-08:00,,95,TRUE
1,2026-01-26T16:47:39.580497-08:00,,95,TRUE
1,2026-01-26T16:54:57.619993-08:00,316.23,95,TRUE
1,2026-01-25T02:30:22.239634-08:00,,86.3636,FALSE
2,2026-01-26T17:11:53.863375-08:00,,95,TRUE
1,2026-01-26T17:25:14.919658-08:00,,95,TRUE
1,2026-01-25T23:11:35.917894-08:00,,95,FALSE
2,2026-01-26T16:38:54.669237-08:00,,47.5,FALSE
3,2026-01-26T17:58:18.554890-08:00,48.29,95,TRUE
1,2026-01-26T17:59:34.313479-08:00,,95,TRUE
1,2026-01-24T21:53:21.507943-08:00,,0,FALSE
2,2026-01-24T22:16:58.173902-08:00,,0,FALSE
3,2026-01-24T22:18:04.378019-08:00,,0,FALSE
4,2026-01-25T23:57:06.952377-08:00,,0,FALSE
5,2026-01-26T15:19:17.690277-08:00,,0,FALSE
6,2026-01-26T15:43:05.841414-08:00,,0,FALSE
7,2026-01-26T16:34:24.646867-08:00,,0,FALSE
8,2026-01-26T16:40:36.923330-08:00,,0,FALSE
9,2026-01-26T16:44:48.891819-08:00,,0,FALSE
10,2026-01-26T18:13:05.238009-08:00,290.86,95,TRUE
1,2026-01-26T18:26:41.711121-08:00,321.27,95,TRUE
1,2026-01-26T18:56:51.097867-08:00,,95,TRUE
1,2026-01-26T16:36:11.667915-08:00,,17.2727,FALSE
2,2026-01-26T19:04:51.491219-08:00,,95,TRUE
1,2026-01-26T19:11:17.041073-08:00,,95,TRUE
1,2026-01-26T16:50:31.058649-08:00,,0,FALSE
2,2026-01-26T17:48:54.817871-08:00,,0,FALSE
3,2026-01-26T17:49:50.099876-08:00,,0,FALSE
4,2026-01-26T17:51:38.670018-08:00,,0,FALSE
5,2026-01-26T19:42:48.623506-08:00,,95,TRUE
1,2026-01-26T19:45:35.936549-08:00,,95,TRUE
1,2026-01-25T10:49:09.960289-08:00,,0,FALSE
2,2026-01-25T10:57:09.758802-08:00,,0,FALSE
3,2026-01-25T10:59:37.958150-08:00,,0,FALSE
4,2026-01-25T11:57:58.174284-08:00,,0,FALSE
5,2026-01-25T18:41:57.540210-08:00,,0,FALSE
6,2026-01-26T19:57:13.114983-08:00,206.69,95,TRUE
1,2026-01-26T17:31:17.167385-08:00,,0,FALSE
2,2026-01-26T18:21:05.170090-08:00,,0,FALSE
3,2026-01-26T19:22:20.471861-08:00,,0,FALSE
4,2026-01-26T20:24:51.854915-08:00,314.14,95,TRUE
1,2026-01-26T20:33:44.639311-08:00,,95,TRUE
1,2026-01-26T20:37:24.356199-08:00,32.91,95,TRUE
1,2026-01-25T16:30:20.680173-08:00,,0,FALSE
2,2026-01-25T17:35:10.286173-08:00,,43.1818,FALSE
3,2026-01-26T16:44:48.245733-08:00,,0,FALSE
4,2026-01-26T21:11:10.415775-08:00,,95,TRUE
1,2026-01-26T21:13:01.675635-08:00,497.53,95,TRUE
1,2026-01-26T21:15:07.175069-08:00,,95,TRUE
1,2026-01-26T21:34:14.959843-08:00,3302.47,95,TRUE
1,2026-01-26T21:40:56.538513-08:00,,95,TRUE
1,2026-01-26T17:14:31.576045-08:00,,69.0909,FALSE
2,2026-01-26T17:54:51.780737-08:00,,69.0909,FALSE
3,2026-01-26T18:02:50.190882-08:00,,69.0909,FALSE
4,2026-01-26T18:16:19.620000-08:00,,69.0909,FALSE
5,2026-01-26T19:04:32.231667-08:00,,69.0909,FALSE
6,2026-01-26T21:41:59.780320-08:00,275.6,95,TRUE
1,2026-01-26T19:36:51.604820-08:00,,47.5,FALSE
2,2026-01-26T20:35:54.248591-08:00,,47.5,FALSE
3,2026-01-26T21:45:04.020064-08:00,,95,TRUE
1,2026-01-26T11:55:00.200123-08:00,,95,FALSE
2,2026-01-26T14:49:05.959127-08:00,4295.79,95,FALSE
3,2026-01-26T21:58:56.542853-08:00,3810.65,95,TRUE
1,2026-01-26T22:06:22.556870-08:00,,95,TRUE
1,2026-01-26T22:12:21.041712-08:00,,95,TRUE
1,2026-01-26T22:12:27.576215-08:00,,95,TRUE
1,2026-01-26T22:25:27.969958-08:00,,95,TRUE
1,2026-01-24T21:10:26.253643-08:00,,69.0909,FALSE
2,2026-01-24T22:14:04.776809-08:00,,95,FALSE
3,2026-01-26T22:35:57.808096-08:00,,95,TRUE
1,2026-01-26T22:52:46.954524-08:00,,95,TRUE
1,2026-01-26T22:57:13.402180-08:00,493.01,95,TRUE
1,2026-01-26T23:14:51.911071-08:00,,95,TRUE
1,2026-01-25T23:04:38.759113-08:00,,95,FALSE
2,2026-01-26T23:27:24.611775-08:00,37.18,95,TRUE
1,2026-01-26T23:29:52.600078-08:00,,95,TRUE
1,2026-01-26T22:14:20.399013-08:00,,0,FALSE
2,2026-01-26T23:35:15.624905-08:00,,95,TRUE
1,2026-01-24T22:41:38.511468-08:00,,0,FALSE
2,2026-01-26T01:20:38.120590-08:00,,0,FALSE
3,2026-01-26T03:29:06.154911-08:00,,73.4091,FALSE
4,2026-01-26T14:17:24.116021-08:00,21.37,95,FALSE
5,2026-01-26T23:39:26.380332-08:00,7.15,95,TRUE
1,2026-01-24T18:41:48.576050-08:00,,95,FALSE
2,2026-01-26T23:53:31.181184-08:00,17.83,95,TRUE
1,2026-01-26T13:56:22.179465-08:00,,56.1364,FALSE
2,2026-01-26T16:47:30.340334-08:00,,95,FALSE
3,2026-01-27T00:16:27.902440-08:00,,95,TRUE
1,2026-01-27T00:18:23.084177-08:00,370.16,95,TRUE
1,2026-01-27T00:29:54.457221-08:00,,95,TRUE
1,2026-01-27T00:34:03.748791-08:00,,95,TRUE
1,2026-01-26T23:12:01.652007-08:00,,0,FALSE
2,2026-01-27T00:38:44.591959-08:00,,95,TRUE
1,2026-01-26T23:57:29.497069-08:00,,0,FALSE
2,2026-01-27T01:16:03.845247-08:00,,95,TRUE
1,2026-01-27T01:19:28.948158-08:00,,95,TRUE
1,2026-01-27T02:02:07.505233-08:00,,95,TRUE
1,2026-01-26T17:37:00.264347-08:00,,95,FALSE
2,2026-01-26T19:01:10.219792-08:00,,0,FALSE
3,2026-01-26T19:23:48.992391-08:00,,0,FALSE
4,2026-01-26T21:15:32.156572-08:00,,95,FALSE
5,2026-01-26T21:25:47.124474-08:00,,95,FALSE
6,2026-01-26T22:37:37.831628-08:00,,47.5,FALSE
7,2026-01-26T23:40:50.776665-08:00,0.67,95,FALSE
8,2026-01-27T02:03:09.629355-08:00,5.9,95,FALSE
9,2026-01-27T06:49:14.514402-08:00,,95,FALSE
10,2026-01-27T07:53:50.983862-08:00,1.36,95,TRUE
1,2026-01-24T20:27:04.329656-08:00,,0,FALSE
2,2026-01-25T23:02:39.791217-08:00,37.52,95,FALSE
3,2026-01-27T07:36:01.330924-08:00,41.82,95,FALSE
4,2026-01-27T09:05:24.944646-08:00,41.7,95,TRUE
1,2026-01-26T23:30:52.994660-08:00,,0,FALSE
2,2026-01-26T23:39:39.025734-08:00,,0,FALSE
3,2026-01-27T00:40:24.155600-08:00,,47.5,FALSE
4,2026-01-27T00:53:01.162397-08:00,,47.5,FALSE
5,2026-01-27T00:55:27.426899-08:00,,47.5,FALSE
6,2026-01-27T01:03:44.706581-08:00,,47.5,FALSE
7,2026-01-27T09:51:09.079754-08:00,,95,TRUE
1,2026-01-27T10:18:09.152286-08:00,236.94,95,TRUE
1,2026-01-27T10:20:22.244240-08:00,,95,TRUE
1,2026-01-24T21:11:15.564362-08:00,,0,FALSE
2,2026-01-24T21:56:39.082420-08:00,,0,FALSE
3,2026-01-24T22:13:30.453181-08:00,,0,FALSE
4,2026-01-25T10:00:50.875079-08:00,,0,FALSE
5,2026-01-26T13:18:38.261047-08:00,,0,FALSE
6,2026-01-26T22:12:19.003719-08:00,,0,FALSE
7,2026-01-27T10:44:09.250306-08:00,3992.4,95,TRUE
1,2026-01-26T10:23:19.556235-08:00,,95,FALSE
2,2026-01-27T11:35:16.026805-08:00,,95,TRUE
1,2026-01-27T11:35:49.264275-08:00,,95,TRUE
1,2026-01-27T11:40:26.248873-08:00,,95,TRUE
1,2026-01-27T01:39:42.334256-08:00,,0,FALSE
2,2026-01-27T01:42:29.743192-08:00,,0,FALSE
3,2026-01-27T11:52:24.911913-08:00,,95,TRUE
1,2026-01-26T22:49:41.945454-08:00,,0,FALSE
2,2026-01-27T12:02:10.289829-08:00,171.12,95,TRUE
1,2026-01-27T13:09:32.879744-08:00,,95,TRUE
1,2026-01-27T13:24:38.962873-08:00,,95,TRUE
1,2026-01-27T14:39:34.023155-08:00,168.51,95,TRUE
1,2026-01-27T15:05:57.671029-08:00,,95,TRUE
1,2026-01-27T15:24:43.681246-08:00,,95,TRUE
1,2026-01-27T15:43:05.182334-08:00,,95,TRUE
1,2026-01-27T14:40:28.006966-08:00,,0,FALSE
2,2026-01-27T14:44:05.716149-08:00,,0,FALSE
3,2026-01-27T15:44:05.753119-08:00,64.62,95,TRUE
1,2026-01-27T15:53:27.730812-08:00,,95,TRUE
1,2026-01-27T15:59:53.522657-08:00,,95,TRUE
1,2026-01-27T14:07:40.836610-08:00,,0,FALSE
2,2026-01-27T16:00:26.082431-08:00,,95,TRUE
1,2026-01-27T16:03:39.848028-08:00,,95,TRUE
1,2026-01-27T16:16:09.404275-08:00,,95,TRUE
1,2026-01-27T16:22:53.097044-08:00,333.87,95,TRUE
1,2026-01-27T16:35:07.475994-08:00,,95,TRUE
1,2026-01-27T17:23:58.697406-08:00,,95,TRUE
1,2026-01-27T17:34:20.801860-08:00,,95,TRUE
1,2026-01-27T17:39:38.292956-08:00,1990.66,95,TRUE
1,2026-01-27T18:03:32.108554-08:00,,95,TRUE
1,2026-01-27T18:04:30.967780-08:00,,21.5909,TRUE
2,2026-01-27T21:06:31.911635-08:00,,0,FALSE
3,2026-01-27T22:36:59.373059-08:00,,0,FALSE
4,2026-01-28T00:10:43.783840-08:00,,21.5909,FALSE
5,2026-01-28T14:03:46.626184-08:00,,8.6364,FALSE
6,2026-01-28T15:16:02.476007-08:00,,0,FALSE
7,2026-01-28T15:27:52.175123-08:00,,0,FALSE
8,2026-01-28T16:40:08.014772-08:00,,0,FALSE
9,2026-01-28T16:43:17.309975-08:00,,0,FALSE
10,2026-01-28T17:46:52.732961-08:00,,8.6364,FALSE
1,2026-01-27T08:51:52.053721-08:00,,0,FALSE
2,2026-01-27T09:50:39.043642-08:00,,95,FALSE
3,2026-01-27T16:59:36.280051-08:00,5.51,95,FALSE
4,2026-01-27T18:15:58.932527-08:00,5.49,95,TRUE
1,2026-01-27T00:19:40.719621-08:00,,95,FALSE
2,2026-01-27T19:12:37.748581-08:00,2949.19,95,TRUE
1,2026-01-27T19:13:40.219847-08:00,396.4,95,TRUE
1,2026-01-27T11:02:14.180441-08:00,,95,FALSE
2,2026-01-27T19:45:06.908912-08:00,892.05,95,TRUE
1,2026-01-27T20:22:47.676742-08:00,315.45,95,TRUE
1,2026-01-27T20:35:39.567779-08:00,298.01,95,TRUE
1,2026-01-27T21:15:40.012458-08:00,39.33,95,TRUE
1,2026-01-27T21:27:54.734903-08:00,,95,TRUE
1,2026-01-27T21:43:51.842095-08:00,,95,TRUE
1,2026-01-27T21:46:31.423205-08:00,109.9,95,TRUE
1,2026-01-26T23:23:21.245953-08:00,231.7,95,FALSE
2,2026-01-27T22:07:24.526233-08:00,235.59,95,TRUE
1,2026-01-27T22:13:13.149695-08:00,,95,TRUE
1,2026-01-27T22:15:08.660980-08:00,145.1,95,TRUE
1,2026-01-27T22:27:56.170622-08:00,,95,TRUE
1,2026-01-27T22:28:40.780998-08:00,,95,TRUE
1,2026-01-27T22:35:24.877353-08:00,13.38,95,TRUE
1,2026-01-27T22:42:39.838113-08:00,,95,TRUE
1,2026-01-27T22:47:22.593122-08:00,,95,TRUE
1,2026-01-27T22:52:59.363534-08:00,,95,TRUE
1,2026-01-27T23:03:37.296674-08:00,223.52,95,TRUE
1,2026-01-27T23:15:50.551476-08:00,,95,TRUE
1,2026-01-27T23:19:49.185795-08:00,,95,TRUE
1,2026-01-27T23:20:38.645786-08:00,,95,TRUE
1,2026-01-27T23:33:22.298584-08:00,13.29,95,TRUE
2,2026-02-04T17:03:04.454855-08:00,,0,FALSE
1,2026-01-27T23:39:41.467510-08:00,,95,TRUE
1,2026-01-28T00:31:25.988834-08:00,102.54,95,TRUE
1,2026-01-27T22:29:44.117766-08:00,,86.3636,FALSE
2,2026-01-28T00:38:00.560898-08:00,,95,TRUE
1,2026-01-28T00:42:54.142626-08:00,3747.53,95,TRUE
1,2026-01-27T23:25:32.000235-08:00,,0,FALSE
2,2026-01-28T00:44:10.564719-08:00,226.8,95,TRUE
1,2026-01-28T00:55:55.648069-08:00,,95,TRUE
1,2026-01-28T00:58:31.814355-08:00,,95,TRUE
1,2026-01-28T01:01:31.964893-08:00,18.4,95,TRUE
1,2026-01-28T01:12:38.500904-08:00,314.87,95,TRUE
1,2026-01-28T01:23:15.583624-08:00,,95,TRUE
1,2026-01-28T01:36:33.504982-08:00,318.27,95,TRUE
1,2026-01-28T01:43:50.636021-08:00,,95,TRUE
1,2026-01-28T01:46:32.080094-08:00,365.48,95,TRUE
1,2026-01-28T02:01:57.837019-08:00,,95,TRUE
1,2026-01-28T02:11:22.074573-08:00,,95,TRUE
1,2026-01-28T02:34:19.873905-08:00,47.77,95,TRUE
1,2026-01-28T03:23:41.394561-08:00,,95,TRUE
1,2026-01-28T03:57:59.638627-08:00,,95,TRUE
1,2026-01-28T04:37:59.716895-08:00,314.55,95,TRUE
1,2026-01-28T05:03:24.557132-08:00,,95,TRUE
1,2026-01-28T05:17:26.928502-08:00,,95,TRUE
1,2026-01-25T11:00:15.508421-08:00,,60.4545,FALSE
2,2026-01-25T11:54:44.839435-08:00,,60.4545,FALSE
3,2026-01-25T19:46:09.849372-08:00,,64.7727,FALSE
4,2026-01-25T20:48:27.468934-08:00,2.92,95,FALSE
5,2026-01-27T02:52:27.381417-08:00,,95,FALSE
6,2026-01-27T07:50:10.026826-08:00,,95,FALSE
7,2026-01-27T14:25:13.825977-08:00,0.99,95,FALSE
8,2026-01-27T22:43:00.207398-08:00,0.97,95,FALSE
9,2026-01-28T00:03:22.877147-08:00,0.96,95,FALSE
10,2026-01-28T08:49:34.697832-08:00,0.97,95,TRUE
1,2026-01-28T10:25:26.136666-08:00,,95,TRUE
1,2026-01-28T10:29:05.632052-08:00,,95,TRUE
1,2026-01-28T00:51:32.896279-08:00,,95,FALSE
2,2026-01-28T10:31:30.030928-08:00,124.25,95,TRUE
1,2026-01-25T12:03:45.463431-08:00,,0,FALSE
2,2026-01-25T12:09:28.185287-08:00,,0,FALSE
3,2026-01-26T11:28:06.622526-08:00,,0,FALSE
4,2026-01-26T13:16:13.213652-08:00,,95,FALSE
5,2026-01-28T10:34:19.903417-08:00,,95,TRUE
1,2026-01-28T10:42:22.462189-08:00,,95,TRUE
1,2026-01-24T21:56:16.428014-08:00,184.58,95,FALSE
2,2026-01-27T22:03:11.827274-08:00,113.66,95,FALSE
3,2026-01-28T09:42:36.896132-08:00,,0,FALSE
4,2026-01-28T11:14:47.920888-08:00,28.29,95,TRUE
1,2026-01-26T23:26:21.273395-08:00,,0,FALSE
2,2026-01-26T23:58:21.522286-08:00,,0,FALSE
3,2026-01-27T00:01:45.923947-08:00,,0,FALSE
4,2026-01-27T00:19:47.253307-08:00,,0,FALSE
5,2026-01-27T01:02:39.357868-08:00,,0,FALSE
6,2026-01-27T01:16:14.943090-08:00,,0,FALSE
7,2026-01-27T01:39:33.830922-08:00,,0,FALSE
8,2026-01-27T02:30:23.208139-08:00,,0,FALSE
9,2026-01-27T02:40:15.704941-08:00,,0,FALSE
10,2026-01-27T08:14:57.522578-08:00,,95,FALSE
11,2026-01-27T14:16:17.225530-08:00,,0,FALSE
12,2026-01-27T19:51:01.369137-08:00,,95,FALSE
13,2026-01-27T21:46:51.238759-08:00,,0,FALSE
14,2026-01-27T22:39:15.238660-08:00,,0,FALSE
15,2026-01-27T22:56:06.478217-08:00,,0,FALSE
16,2026-01-27T23:54:45.904258-08:00,,0,FALSE
17,2026-01-28T00:06:18.974230-08:00,,0,FALSE
18,2026-01-28T11:20:59.957007-08:00,,95,TRUE
1,2026-01-28T12:04:21.036252-08:00,,95,TRUE
1,2026-01-27T17:31:16.006367-08:00,46.14,95,FALSE
2,2026-01-27T19:24:44.716160-08:00,16.32,95,FALSE
3,2026-01-28T12:21:04.791585-08:00,15.62,95,TRUE
1,2026-01-28T12:29:58.741499-08:00,,95,TRUE
1,2026-01-28T12:31:30.553129-08:00,,95,TRUE
1,2026-01-28T12:32:33.063636-08:00,,95,TRUE
1,2026-01-28T12:41:02.051005-08:00,,95,TRUE
1,2026-01-28T12:45:33.324502-08:00,,95,TRUE
1,2026-01-28T12:48:58.940737-08:00,47.56,95,TRUE
1,2026-01-28T02:37:37.873107-08:00,336.18,95,FALSE
2,2026-01-28T12:54:14.144754-08:00,338.26,95,TRUE
1,2026-01-27T14:28:43.705650-08:00,,77.7273,FALSE
2,2026-01-27T15:03:03.456764-08:00,,77.7273,FALSE
3,2026-01-27T16:36:59.444440-08:00,,95,FALSE
4,2026-01-28T12:58:15.847325-08:00,,95,TRUE
1,2026-01-27T22:58:46.117221-08:00,,0,FALSE
2,2026-01-28T10:17:08.342798-08:00,,95,FALSE
3,2026-01-28T13:03:51.392584-08:00,,95,TRUE
1,2026-01-28T13:00:29.071469-08:00,,95,FALSE
2,2026-01-28T13:04:44.878550-08:00,,95,TRUE
3,2026-01-28T19:26:22.978115-08:00,,0,FALSE
1,2026-01-27T17:44:21.857414-08:00,363.79,95,FALSE
2,2026-01-27T19:52:19.637382-08:00,,95,FALSE
3,2026-01-27T19:59:32.533016-08:00,,95,FALSE
4,2026-01-27T20:23:42.395617-08:00,,95,FALSE
5,2026-01-28T13:17:00.192257-08:00,386.05,95,TRUE
1,2026-01-28T13:23:26.836787-08:00,,95,TRUE
1,2026-01-27T23:47:07.131519-08:00,,0,FALSE
2,2026-01-28T13:31:44.546230-08:00,,95,TRUE
3,2026-01-28T13:41:08.923498-08:00,,95,FALSE
1,2026-01-28T13:35:12.561319-08:00,,95,TRUE
1,2026-01-28T13:56:34.716605-08:00,,95,TRUE
1,2026-01-28T14:08:14.343200-08:00,,95,TRUE
1,2026-01-27T22:13:39.901323-08:00,,0,FALSE
2,2026-01-27T23:33:33.236195-08:00,,0,FALSE
3,2026-01-28T11:20:45.896001-08:00,,95,FALSE
4,2026-01-28T12:29:07.029585-08:00,838.88,95,FALSE
5,2026-01-28T14:13:35.225573-08:00,170.92,95,TRUE
1,2026-01-28T14:35:19.432740-08:00,371.55,95,TRUE
1,2026-01-28T14:46:07.166156-08:00,,95,TRUE
1,2026-01-28T14:49:34.891525-08:00,,95,TRUE
1,2026-01-27T01:00:28.234935-08:00,,43.1818,FALSE
2,2026-01-27T02:26:18.069095-08:00,,95,FALSE
3,2026-01-28T10:05:41.134959-08:00,1451.47,95,FALSE
4,2026-01-28T10:20:08.090017-08:00,1451.47,95,FALSE
5,2026-01-28T13:46:22.330180-08:00,195.05,95,FALSE
6,2026-01-28T15:06:13.858869-08:00,169.68,95,TRUE
1,2026-01-28T12:59:17.212651-08:00,,47.5,FALSE
2,2026-01-28T15:29:28.816746-08:00,,95,TRUE
1,2026-01-28T15:31:35.176831-08:00,,95,TRUE
1,2026-01-28T15:35:50.297908-08:00,35.35,95,TRUE
1,2026-01-28T15:43:44.299098-08:00,,95,TRUE
1,2026-01-28T15:48:56.367822-08:00,,95,TRUE
1,2026-01-28T15:50:43.352456-08:00,,95,TRUE
1,2026-01-24T22:54:14.183207-08:00,,0,FALSE
2,2026-01-24T23:09:51.989220-08:00,,0,FALSE
3,2026-01-24T23:55:33.404769-08:00,,0,FALSE
4,2026-01-25T11:53:05.592576-08:00,,0,FALSE
5,2026-01-25T12:54:33.798477-08:00,,95,FALSE
6,2026-01-27T17:39:42.288109-08:00,,95,FALSE
7,2026-01-28T16:05:25.808881-08:00,15.78,95,TRUE
1,2026-01-28T16:11:10.446416-08:00,,95,TRUE
1,2026-01-28T05:40:21.286203-08:00,1412.23,95,FALSE
2,2026-01-28T07:33:37.678583-08:00,,56.1364,FALSE
3,2026-01-28T07:37:34.991057-08:00,,56.1364,FALSE
4,2026-01-28T15:04:06.260718-08:00,,60.4545,FALSE
5,2026-01-28T16:15:05.203307-08:00,340.87,95,TRUE
1,2026-01-28T16:16:41.941348-08:00,,95,TRUE
1,2026-01-28T16:26:11.331809-08:00,,95,TRUE
1,2026-01-28T16:32:53.674371-08:00,,95,TRUE
1,2026-01-25T22:59:10.581069-08:00,23.23,95,FALSE
2,2026-01-28T16:33:24.739804-08:00,,95,TRUE
1,2026-01-28T16:34:30.319159-08:00,,95,TRUE
1,2026-01-28T16:35:31.158193-08:00,,95,TRUE
1,2026-01-28T13:56:08.522495-08:00,,47.5,FALSE
2,2026-01-28T14:15:38.890062-08:00,,47.5,FALSE
3,2026-01-28T16:41:07.092976-08:00,,95,TRUE
1,2026-01-28T16:44:40.206634-08:00,,95,TRUE
1,2026-01-28T17:13:36.586100-08:00,,95,TRUE
1,2026-01-28T17:20:01.344718-08:00,,95,TRUE
1,2026-01-28T12:30:04.182321-08:00,,47.5,FALSE
2,2026-01-28T15:43:16.000539-08:00,,0,FALSE
3,2026-01-28T17:24:11.992264-08:00,45.63,95,TRUE
1,2026-01-28T17:24:19.539091-08:00,,95,TRUE
1,2026-01-28T17:26:27.062209-08:00,,95,TRUE
1,2026-01-28T17:27:56.870409-08:00,,95,TRUE
1,2026-01-28T17:28:32.847419-08:00,,95,TRUE
1,2026-01-26T19:51:49.419115-08:00,,60.4545,FALSE
2,2026-01-27T21:26:07.756131-08:00,,60.4545,FALSE
3,2026-01-27T21:32:52.017120-08:00,141.46,95,FALSE
4,2026-01-28T17:38:42.406091-08:00,158.12,95,TRUE
1,2026-01-28T17:39:30.818585-08:00,309.15,95,TRUE
1,2026-01-28T15:43:09.714713-08:00,,51.8182,FALSE
2,2026-01-28T17:43:05.012522-08:00,,95,TRUE
1,2026-01-28T02:21:33.435860-08:00,,95,FALSE
2,2026-01-28T11:05:49.957216-08:00,,95,FALSE
3,2026-01-28T17:50:28.590993-08:00,,95,TRUE
1,2026-01-28T17:50:46.268948-08:00,186.41,95,TRUE
1,2026-01-28T17:58:54.111786-08:00,169.77,95,TRUE
1,2026-01-28T17:07:12.161769-08:00,,95,FALSE
2,2026-01-28T18:28:17.449827-08:00,,95,TRUE
1,2026-01-28T18:41:14.273663-08:00,,95,TRUE
1,2026-01-28T18:42:11.188133-08:00,,95,TRUE
1,2026-01-24T18:23:13.154633-08:00,,77.7273,FALSE
2,2026-01-24T19:49:09.037707-08:00,,0,FALSE
3,2026-01-24T22:19:39.031563-08:00,,0,FALSE
4,2026-01-25T21:36:35.608682-08:00,888.17,95,FALSE
5,2026-01-27T16:16:01.764976-08:00,13.17,95,FALSE
6,2026-01-27T19:09:09.474812-08:00,6.01,95,FALSE
7,2026-01-28T01:03:29.760766-08:00,24.37,95,FALSE
8,2026-01-28T18:45:53.346644-08:00,5.53,95,TRUE
1,2026-01-28T17:15:21.995055-08:00,,47.5,FALSE
2,2026-01-28T18:53:01.308515-08:00,,95,TRUE
1,2026-01-28T18:55:24.954466-08:00,,95,TRUE
1,2026-01-28T18:58:02.655777-08:00,,95,TRUE
1,2026-01-28T19:04:33.664386-08:00,,95,TRUE
1,2026-01-28T19:07:11.718770-08:00,395.27,95,TRUE
1,2026-01-28T18:04:37.667506-08:00,,95,FALSE
2,2026-01-28T19:10:42.613945-08:00,,95,TRUE
1,2026-01-28T19:21:49.271190-08:00,,95,TRUE
1,2026-01-27T11:17:37.610746-08:00,,43.1818,FALSE
2,2026-01-27T12:37:46.390177-08:00,,43.1818,FALSE
3,2026-01-28T15:24:59.579077-08:00,,43.1818,FALSE
4,2026-01-28T17:16:21.707008-08:00,,43.1818,FALSE
5,2026-01-28T17:45:54.214739-08:00,,43.1818,FALSE
6,2026-01-28T18:03:36.271637-08:00,,43.1818,FALSE
7,2026-01-28T18:13:44.682041-08:00,,43.1818,FALSE
8,2026-01-28T19:26:48.338669-08:00,,95,TRUE
1,2026-01-28T19:29:59.274829-08:00,3883.13,95,TRUE
1,2026-01-28T19:30:26.630808-08:00,,95,TRUE
1,2026-01-27T01:52:17.734532-08:00,,95,FALSE
2,2026-01-28T14:23:08.884056-08:00,24.84,95,FALSE
3,2026-01-28T14:44:28.193635-08:00,24.84,95,FALSE
4,2026-01-28T17:07:32.191256-08:00,26.58,95,FALSE
5,2026-01-28T19:34:35.206463-08:00,36.96,95,TRUE
1,2026-01-28T19:36:24.861228-08:00,2237.36,95,TRUE
1,2026-01-28T19:42:40.689318-08:00,,95,TRUE
1,2026-01-28T19:44:47.623113-08:00,,95,TRUE
1,2026-01-28T19:45:08.514282-08:00,,95,TRUE
1,2026-01-27T23:46:42.251156-08:00,,0,FALSE
2,2026-01-28T00:20:58.783545-08:00,,0,FALSE
3,2026-01-28T00:47:42.392482-08:00,,0,FALSE
4,2026-01-28T01:58:42.961233-08:00,,95,FALSE
5,2026-01-28T16:40:44.810396-08:00,,95,FALSE
6,2026-01-28T19:48:53.729777-08:00,,95,TRUE
1,2026-01-28T19:50:53.537665-08:00,106.7,95,TRUE
1,2026-01-28T19:51:43.198463-08:00,,95,TRUE
1,2026-01-28T19:55:44.132612-08:00,,95,TRUE
1,2026-01-28T20:01:39.175035-08:00,,95,TRUE
1,2026-01-28T17:58:50.353177-08:00,,86.3636,FALSE
2,2026-01-28T20:14:21.075800-08:00,,95,TRUE
1,2026-01-28T20:25:37.759157-08:00,,95,TRUE
1,2026-01-28T20:34:21.084195-08:00,1993.39,95,TRUE
1,2026-01-28T19:28:08.837039-08:00,928.64,95,FALSE
2,2026-01-28T20:34:57.530896-08:00,932.9,95,TRUE
1,2026-01-28T20:35:08.292203-08:00,,95,TRUE
1,2026-01-24T18:15:32.188589-08:00,5.94,95,FALSE
2,2026-01-28T20:37:16.812822-08:00,2.39,95,TRUE
1,2026-01-28T20:41:55.935016-08:00,,95,TRUE
1,2026-01-28T13:08:53.110816-08:00,,0,FALSE
2,2026-01-28T19:39:31.628099-08:00,,0,FALSE
3,2026-01-28T19:42:54.838942-08:00,,0,FALSE
4,2026-01-28T19:46:05.537320-08:00,,0,FALSE
5,2026-01-28T20:48:23.860797-08:00,,95,TRUE
1,2026-01-28T20:49:44.217236-08:00,,95,TRUE
1,2026-01-28T17:35:28.514280-08:00,3695.72,95,FALSE
2,2026-01-28T20:49:44.487549-08:00,20.34,95,TRUE
1,2026-01-28T20:53:18.496966-08:00,,95,TRUE
1,2026-01-28T19:55:48.718858-08:00,,0,FALSE
2,2026-01-28T20:56:48.052523-08:00,315.17,95,TRUE
1,2026-01-28T19:29:29.473580-08:00,,47.5,FALSE
2,2026-01-28T20:59:27.406679-08:00,,95,TRUE
1,2026-01-27T22:23:43.718199-08:00,,43.1818,FALSE
2,2026-01-27T22:46:24.277573-08:00,,43.1818,FALSE
3,2026-01-27T23:51:12.384085-08:00,,43.1818,FALSE
4,2026-01-28T14:03:40.317085-08:00,,43.1818,FALSE
5,2026-01-28T21:00:22.581468-08:00,,95,TRUE
1,2026-01-28T21:07:19.113392-08:00,,95,TRUE
1,2026-01-28T21:33:56.855963-08:00,,95,TRUE
1,2026-01-28T20:17:59.101335-08:00,,47.5,FALSE
2,2026-01-28T20:22:19.935702-08:00,,47.5,FALSE
3,2026-01-28T20:27:20.965545-08:00,,47.5,FALSE
4,2026-01-28T21:41:48.453758-08:00,48.36,95,TRUE
1,2026-01-28T21:43:10.595654-08:00,,95,TRUE
1,2026-01-28T21:43:20.598946-08:00,,95,TRUE
1,2026-01-28T21:50:49.564819-08:00,47.96,95,TRUE
1,2026-01-28T21:54:05.411549-08:00,316.39,95,TRUE
1,2026-01-28T19:48:03.310829-08:00,,0,FALSE
2,2026-01-28T20:49:58.520320-08:00,,47.5,FALSE
3,2026-01-28T21:59:16.841558-08:00,,95,TRUE
1,2026-01-28T22:00:39.208126-08:00,,95,TRUE
1,2026-01-28T22:08:37.796155-08:00,1831.26,95,TRUE
1,2026-01-28T22:17:25.969407-08:00,312.48,95,TRUE
1,2026-01-28T22:25:37.603905-08:00,304.48,95,TRUE
1,2026-01-28T16:38:17.443218-08:00,110.36,95,FALSE
2,2026-01-28T22:30:59.052789-08:00,,95,TRUE
1,2026-01-28T22:37:32.500236-08:00,,95,TRUE
1,2026-01-28T22:39:44.853613-08:00,,95,TRUE
1,2026-01-28T22:42:33.009657-08:00,,21.5909,TRUE
1,2026-01-28T22:52:32.598601-08:00,,95,TRUE
1,2026-01-28T22:54:14.698560-08:00,,95,TRUE
1,2026-01-28T23:05:11.878717-08:00,1968.34,95,TRUE
2,2026-01-28T23:06:29.175261-08:00,,0,FALSE
3,2026-01-28T23:07:13.076353-08:00,,0,FALSE
1,2026-01-28T22:14:35.024428-08:00,,0,FALSE
2,2026-01-28T23:15:09.564149-08:00,,95,TRUE
1,2026-01-28T23:17:13.310200-08:00,,95,TRUE
1,2026-01-28T23:23:11.136055-08:00,,47.5,TRUE
2,2026-02-04T22:32:15.117093-08:00,,0,FALSE
1,2026-01-26T19:59:40.505920-08:00,,95,FALSE
2,2026-01-26T22:17:12.109653-08:00,,95,FALSE
3,2026-01-28T23:39:30.556020-08:00,,95,TRUE
1,2026-01-28T10:28:31.999451-08:00,,47.5,FALSE
2,2026-01-28T14:41:15.085840-08:00,,95,FALSE
3,2026-01-28T23:34:50.297529-08:00,,95,FALSE
4,2026-01-28T23:44:38.313052-08:00,,95,TRUE
1,2026-01-28T23:31:29.272041-08:00,,0,FALSE
2,2026-01-28T23:48:36.133398-08:00,,95,TRUE
1,2026-01-28T21:54:58.125505-08:00,,43.1818,FALSE
2,2026-01-28T22:55:43.495081-08:00,,43.1818,FALSE
3,2026-01-28T23:56:12.498737-08:00,,73.4091,TRUE
1,2026-01-29T00:27:29.101272-08:00,,95,TRUE
1,2026-01-29T01:53:56.940295-08:00,,95,TRUE
1,2026-01-29T01:57:22.117441-08:00,,95,TRUE
1,2026-01-28T23:13:57.643571-08:00,,86.3636,FALSE
2,2026-01-28T23:38:32.449090-08:00,,86.3636,FALSE
3,2026-01-29T02:22:49.317394-08:00,,95,TRUE
1,2026-01-29T02:36:04.473322-08:00,,0,FALSE
2,2026-01-29T02:39:10.341969-08:00,,86.3636,FALSE
3,2026-01-29T12:58:04.881653-08:00,,95,TRUE
1,2026-01-29T14:26:44.329106-08:00,,95,TRUE
1,2026-01-29T14:51:04.909828-08:00,,95,TRUE
1,2026-01-29T20:45:38.598071-08:00,,95,TRUE
1,2026-01-26T11:53:29.053623-08:00,,0,FALSE
2,2026-01-26T13:07:28.573020-08:00,,77.7273,FALSE
3,2026-01-26T16:22:46.156423-08:00,,0,FALSE
4,2026-01-29T22:22:14.309160-08:00,,95,TRUE
1,2026-01-29T22:25:02.030854-08:00,,95,TRUE
1,2026-01-29T22:59:21.289448-08:00,,95,TRUE
1,2026-01-29T22:59:53.860544-08:00,,95,TRUE
1,2026-01-29T23:31:40.448992-08:00,,95,TRUE
1,2026-01-29T20:20:31.242840-08:00,,43.1818,FALSE
2,2026-01-29T20:23:47.264714-08:00,,43.1818,FALSE
3,2026-01-29T20:26:36.617656-08:00,,43.1818,FALSE
4,2026-01-29T21:24:15.046751-08:00,,43.1818,FALSE
5,2026-01-29T21:28:47.727971-08:00,,43.1818,FALSE
6,2026-01-29T22:20:22.278616-08:00,,43.1818,FALSE
7,2026-01-29T22:41:24.040498-08:00,,43.1818,FALSE
8,2026-01-29T23:42:24.029385-08:00,,95,TRUE
1,2026-01-29T23:46:12.990522-08:00,,95,TRUE
1,2026-01-29T23:53:27.150859-08:00,,95,TRUE
1,2026-01-30T15:57:31.250477-08:00,,43.1818,FALSE
2,2026-01-30T16:08:20.771116-08:00,,43.1818,FALSE
3,2026-01-30T16:51:55.567157-08:00,,43.1818,FALSE
4,2026-01-30T20:34:05.051133-08:00,,95,TRUE
1,2026-01-30T22:15:10.424488-08:00,,95,TRUE
1,2026-01-30T23:09:44.627820-08:00,,95,TRUE
1,2026-01-30T22:51:36.241905-08:00,,34.5455,FALSE
2,2026-01-30T23:05:50.968430-08:00,,34.5455,FALSE
3,2026-01-30T23:13:48.255132-08:00,,34.5455,FALSE
4,2026-01-30T23:19:47.111848-08:00,,34.5455,FALSE
5,2026-01-30T23:27:32.266153-08:00,,34.5455,FALSE
6,2026-01-30T23:49:04.194943-08:00,,34.5455,FALSE
7,2026-01-30T23:53:30.127674-08:00,,34.5455,FALSE
8,2026-01-31T00:54:11.431057-08:00,,95,TRUE
1,2026-02-01T18:13:02.626535-08:00,,95,TRUE
1,2026-02-03T20:33:08.480878-08:00,,95,TRUE
1,2026-02-04T23:00:10.966730-08:00,,95,TRUE
1,2026-02-04T23:18:21.217866-08:00,,95,TRUE
