student_id,attempt_number,submission_time,runtime_ms,score
1,1,2026-03-09T18:21:14.338103-07:00,,0
1,2,2026-03-09T20:32:45.893804-07:00,,0
1,3,2026-03-09T20:33:05.231386-07:00,10.655000000000001,90
1,4,2026-03-10T20:14:42.990837-07:00,10.569,90
2,1,2026-03-10T20:56:30.503745-07:00,10.662,90
3,1,2026-03-10T21:14:29.443435-07:00,-1,90
4,1,2026-03-10T21:14:56.292549-07:00,1092.335,90
5,1,2026-03-10T21:20:31.798763-07:00,969.99,90
6,1,2026-03-10T21:30:37.701347-07:00,23542.708,90
7,1,2026-03-10T21:19:45.082067-07:00,-1,90
7,2,2026-03-10T21:26:52.092010-07:00,-1,90
7,3,2026-03-10T21:33:56.415773-07:00,4.166,90
7,4,2026-03-10T22:13:57.468316-07:00,,
8,1,2026-03-10T21:36:22.180755-07:00,839.4490000000001,90
9,1,2026-03-10T21:21:42.460464-07:00,,0
9,2,2026-03-10T21:49:43.726172-07:00,18.591,90
9,3,2026-03-10T22:03:41.997166-07:00,18.368,90
9,4,2026-03-11T12:43:03.759469-07:00,18.226,90
10,1,2026-03-10T21:56:06.527677-07:00,986.4830000000001,90
11,1,2026-03-10T21:58:59.645799-07:00,968.251,90
12,1,2026-03-10T21:24:56.493946-07:00,,0
12,2,2026-03-10T22:05:57.674942-07:00,,
12,3,2026-03-10T22:37:39.462399-07:00,40.458,90
13,1,2026-03-10T21:18:55.822973-07:00,,0
13,2,2026-03-10T22:50:11.124604-07:00,973.75,90
14,1,2026-03-10T22:39:25.903072-07:00,,64.2857
14,2,2026-03-10T23:13:34.724188-07:00,1054.354,90
15,1,2026-03-10T23:29:58.908996-07:00,,0
15,2,2026-03-10T23:35:34.695091-07:00,8.702,90
16,1,2026-03-10T23:58:42.091335-07:00,969.439,90
17,1,2026-03-10T22:25:10.220612-07:00,-1,90
17,2,2026-03-11T00:18:28.099770-07:00,9.761,90
18,1,2026-03-10T21:53:26.639329-07:00,,0
18,2,2026-03-10T23:16:43.744205-07:00,,0
18,3,2026-03-11T00:20:51.659141-07:00,941.58,90
18,4,2026-03-11T09:24:47.129066-07:00,968.3720000000001,90
19,1,2026-03-10T22:55:54.993349-07:00,,0
19,2,2026-03-10T22:56:37.473865-07:00,,0
19,3,2026-03-10T23:38:53.134471-07:00,,0
19,4,2026-03-10T23:51:17.503745-07:00,,0
19,5,2026-03-11T00:03:13.676871-07:00,-1,90
19,6,2026-03-11T00:52:12.316372-07:00,18.997,90
20,1,2026-03-11T01:03:57.690422-07:00,9.703,90
21,1,2026-03-11T03:09:21.955107-07:00,18.214000000000002,90
22,1,2026-03-11T03:16:31.999281-07:00,2.782,90
23,1,2026-03-11T05:02:42.141980-07:00,8.945,90
24,1,2026-03-11T03:16:53.781289-07:00,-1,90
24,2,2026-03-11T04:01:39.002478-07:00,-1,90
24,3,2026-03-11T04:41:16.995403-07:00,-1,90
24,4,2026-03-11T05:10:55.530864-07:00,-1,90
24,5,2026-03-11T05:38:33.417392-07:00,835.385,90
24,6,2026-03-11T06:15:23.290398-07:00,8.84,90
25,1,2026-03-11T05:43:01.733831-07:00,837.714,90
25,2,2026-03-11T06:20:14.679367-07:00,,64.2857
25,3,2026-03-11T06:31:05.949688-07:00,,64.2857
25,4,2026-03-11T06:38:19.421855-07:00,8.764,90
26,1,2026-03-11T07:47:24.066940-07:00,46304.65,90
27,1,2026-03-10T21:28:17.622706-07:00,,0
27,2,2026-03-11T08:02:01.057215-07:00,11.756,90
28,1,2026-03-10T22:33:56.825447-07:00,,0
28,2,2026-03-11T09:40:54.558690-07:00,820.947,90
29,1,2026-03-10T21:39:19.328674-07:00,,0
29,2,2026-03-11T09:52:14.791145-07:00,4.055,90
30,1,2026-03-11T09:39:33.882921-07:00,834.251,90
30,2,2026-03-11T09:48:36.686724-07:00,821.449,90
30,3,2026-03-11T10:10:11.136697-07:00,8.757,90
31,1,2026-03-11T10:16:02.186523-07:00,835.423,90
32,1,2026-03-11T10:32:52.459637-07:00,4.305,90
33,1,2026-03-10T21:17:37.636715-07:00,,64.2857
33,2,2026-03-10T22:42:06.798529-07:00,,0
33,3,2026-03-11T07:47:24.553272-07:00,17.066,90
33,4,2026-03-11T08:13:48.915845-07:00,30.429000000000002,90
33,5,2026-03-11T08:26:52.376290-07:00,17.652,90
33,6,2026-03-11T08:41:15.973526-07:00,9.042,90
33,7,2026-03-11T09:04:13.785679-07:00,,64.2857
33,8,2026-03-11T09:08:08.300582-07:00,5.174,90
33,9,2026-03-11T09:26:35.154799-07:00,4.492,90
33,10,2026-03-11T09:44:46.911062-07:00,5.322,90
33,11,2026-03-11T09:45:18.886845-07:00,5.357,90
33,12,2026-03-11T10:05:00.250051-07:00,4.5360000000000005,90
33,13,2026-03-11T10:33:08.673065-07:00,4.154,90
33,14,2026-03-11T10:59:26.141049-07:00,4.142,90
34,1,2026-03-11T10:53:08.799698-07:00,,0
34,2,2026-03-11T11:03:49.412018-07:00,9.883,90
35,1,2026-03-10T22:21:57.053162-07:00,,0
35,2,2026-03-11T10:46:45.148780-07:00,,0
35,3,2026-03-11T11:08:47.189169-07:00,7.284000000000001,90
35,4,2026-03-11T11:32:39.901191-07:00,,38.5714
36,1,2026-03-10T22:37:20.764563-07:00,,0
36,2,2026-03-10T23:56:07.032169-07:00,,64.2857
36,3,2026-03-10T23:59:57.546639-07:00,9.013,90
36,4,2026-03-11T11:03:45.394538-07:00,28.885,90
36,5,2026-03-11T11:19:35.973779-07:00,5.086,90
36,6,2026-03-11T11:44:11.297983-07:00,4.562,90
37,1,2026-03-11T11:45:55.773512-07:00,9.638,90
38,1,2026-03-11T11:47:21.665813-07:00,,0
38,2,2026-03-11T11:53:02.192219-07:00,838.1360000000001,90
39,1,2026-03-11T11:58:34.650497-07:00,842.038,90
40,1,2026-03-11T11:01:46.399834-07:00,9.658,90
40,2,2026-03-11T11:31:36.680128-07:00,,64.2857
40,3,2026-03-11T11:39:47.092219-07:00,,64.2857
40,4,2026-03-11T11:45:23.279883-07:00,9.658,90
40,5,2026-03-11T12:00:23.754121-07:00,,64.2857
40,6,2026-03-11T12:14:53.639815-07:00,9.741,90
41,1,2026-03-10T21:15:50.570544-07:00,,0
41,2,2026-03-11T12:21:45.374965-07:00,9.802999999999999,90
41,3,2026-03-12T20:35:03.804601-07:00,,64.2857
41,4,2026-03-12T20:43:07.403572-07:00,,64.2857
41,5,2026-03-12T20:47:28.802187-07:00,,64.2857
41,6,2026-03-12T20:54:09.298872-07:00,22.994,90
41,7,2026-03-12T21:25:14.167582-07:00,,64.2857
41,8,2026-03-12T21:29:04.408611-07:00,-1,90
42,1,2026-03-11T12:24:52.800559-07:00,983.797,90
43,1,2026-03-11T12:50:08.659590-07:00,8.108,90
44,1,2026-03-11T11:48:45.919661-07:00,3294.0750000000003,90
44,2,2026-03-11T12:31:39.246431-07:00,,0
44,3,2026-03-11T12:34:50.950481-07:00,,0
44,4,2026-03-11T12:42:29.436422-07:00,-1,90
44,5,2026-03-11T13:07:03.256675-07:00,,64.2857
44,6,2026-03-11T13:19:03.082331-07:00,16.674,90
45,1,2026-03-10T22:09:23.859405-07:00,,
45,2,2026-03-11T13:34:40.765847-07:00,935.874,90
46,1,2026-03-11T13:36:28.837173-07:00,979.61,90
47,1,2026-03-11T13:48:06.516805-07:00,9.706999999999999,90
48,1,2026-03-10T22:14:26.063715-07:00,,
48,2,2026-03-11T11:53:15.170117-07:00,940.109,90
48,3,2026-03-11T14:11:06.113836-07:00,970.667,90
49,1,2026-03-10T22:17:26.904401-07:00,-1,90
49,2,2026-03-11T14:12:07.633113-07:00,5.53,90
50,1,2026-03-11T14:12:35.887627-07:00,9.573,90
51,1,2026-03-11T14:42:48.199634-07:00,9.415,90
52,1,2026-03-11T14:44:26.865221-07:00,920.522,90
53,1,2026-03-11T14:46:29.363106-07:00,840.416,90
54,1,2026-03-11T14:55:09.000680-07:00,803.527,90
55,1,2026-03-10T21:23:06.859269-07:00,,0
55,2,2026-03-11T15:28:18.897177-07:00,-1,90
56,1,2026-03-11T15:39:48.509960-07:00,962.186,90
57,1,2026-03-11T15:55:33.774878-07:00,831.869,90
58,1,2026-03-11T16:47:04.866992-07:00,565.681,90
59,1,2026-03-11T12:02:19.356380-07:00,-1,90
59,2,2026-03-11T15:21:54.417364-07:00,8.745,90
59,3,2026-03-11T15:48:10.975644-07:00,,64.2857
59,4,2026-03-11T15:53:11.401540-07:00,,64.2857
59,5,2026-03-11T16:04:48.881827-07:00,18.727999999999998,90
59,6,2026-03-11T16:24:23.492500-07:00,16.721,90
59,7,2026-03-11T16:37:16.839488-07:00,5.074,90
59,8,2026-03-11T16:52:47.891585-07:00,4.638,90
60,1,2026-03-11T17:12:55.956482-07:00,839.524,90
61,1,2026-03-11T17:14:31.724504-07:00,811.236,90
61,2,2026-03-11T17:27:16.130221-07:00,,0
62,1,2026-03-11T17:19:46.622611-07:00,8.308,90
62,2,2026-03-11T17:41:57.895696-07:00,,0
63,1,2026-03-11T17:14:02.546167-07:00,9.784,90
63,2,2026-03-11T17:28:19.536438-07:00,8.588,90
64,1,2026-03-11T17:20:30.593710-07:00,,0
64,2,2026-03-11T17:30:23.629211-07:00,9.249,90
65,1,2026-03-11T17:00:36.804429-07:00,,0
65,2,2026-03-11T17:44:30.605957-07:00,972.9060000000001,90
66,1,2026-03-10T22:55:08.766111-07:00,-1,90
66,2,2026-03-11T13:29:54.250055-07:00,840.033,90
66,3,2026-03-11T15:02:40.765003-07:00,18.739,90
66,4,2026-03-11T15:21:35.850163-07:00,31.566,90
66,5,2026-03-11T16:16:04.545779-07:00,,0
66,6,2026-03-11T17:18:02.542703-07:00,-1,90
66,7,2026-03-11T17:54:15.715190-07:00,18.608999999999998,90
67,1,2026-03-11T18:03:44.500005-07:00,17.661,90
68,1,2026-03-11T18:44:51.733622-07:00,3.447,90
69,1,2026-03-11T18:52:17.691455-07:00,1193.662,90
70,1,2026-03-11T10:35:12.743081-07:00,-1,90
70,2,2026-03-11T10:57:49.190550-07:00,,64.2857
70,3,2026-03-11T11:43:26.089436-07:00,,64.2857
70,4,2026-03-11T11:48:28.908040-07:00,,64.2857
70,5,2026-03-11T19:02:00.126406-07:00,-1,90
70,6,2026-03-11T19:31:33.674903-07:00,-1,90
71,1,2026-03-10T21:37:41.675976-07:00,935.102,90
71,2,2026-03-11T01:22:25.938272-07:00,4.091,90
71,3,2026-03-11T02:31:28.443871-07:00,4.105,90
71,4,2026-03-11T16:59:26.462825-07:00,18.706,90
71,5,2026-03-11T17:26:19.792134-07:00,,64.2857
71,6,2026-03-11T18:10:29.238512-07:00,3.436,77.1429
71,7,2026-03-11T18:38:07.230404-07:00,,0
71,8,2026-03-11T19:32:28.420500-07:00,3.357,90
71,9,2026-03-11T23:30:20.177325-07:00,,0
71,10,2026-03-11T23:54:19.810134-07:00,3.358,90
71,11,2026-03-12T00:49:59.058759-07:00,4.113,90
71,12,2026-03-12T14:45:55.897672-07:00,4.051,90
71,13,2026-03-12T15:03:47.966226-07:00,6.087,90
71,14,2026-03-12T18:19:59.799465-07:00,-1,90
71,15,2026-03-12T18:59:40.899791-07:00,6.138,90
71,16,2026-03-12T23:44:16.517011-07:00,-1,90
71,17,2026-03-13T00:06:29.627771-07:00,-1,90
71,18,2026-03-13T00:09:29.009103-07:00,-1,90
71,19,2026-03-13T00:14:36.275045-07:00,-1,90
71,20,2026-03-13T00:17:52.955274-07:00,-1,90
71,21,2026-03-13T13:26:42.857883-07:00,-1,90
72,1,2026-03-11T19:33:02.696074-07:00,,51.4286
72,2,2026-03-11T19:53:13.240768-07:00,-1,90
73,1,2026-03-11T20:47:26.046370-07:00,809.907,90
74,1,2026-03-11T15:37:13.524301-07:00,,25.7143
74,2,2026-03-11T15:44:20.421069-07:00,,25.7143
74,3,2026-03-11T20:57:15.252998-07:00,8.939,90
75,1,2026-03-10T21:18:53.456241-07:00,,0
75,2,2026-03-10T22:15:55.473442-07:00,836.573,90
75,3,2026-03-10T22:54:21.304739-07:00,,0
75,4,2026-03-11T12:01:22.636023-07:00,11.373,90
75,5,2026-03-11T12:45:23.557837-07:00,-1,90
75,6,2026-03-11T19:09:03.773349-07:00,18.541,90
75,7,2026-03-11T20:20:05.470645-07:00,18.649,90
75,8,2026-03-11T20:45:36.266535-07:00,5.3660000000000005,90
75,9,2026-03-11T21:10:23.358080-07:00,3.281,90
75,10,2026-03-11T21:51:32.661756-07:00,4.351,90
75,11,2026-03-11T22:16:55.973039-07:00,4.2090000000000005,90
75,12,2026-03-11T22:39:35.773226-07:00,7.714,90
75,13,2026-03-12T09:20:19.616409-07:00,4.382,90
75,14,2026-03-12T10:18:36.957227-07:00,3.262,90
75,15,2026-03-12T10:32:50.433772-07:00,,0
75,16,2026-03-12T10:40:19.313481-07:00,,0
75,17,2026-03-12T11:02:01.015723-07:00,,0
75,18,2026-03-12T23:20:52.651520-07:00,-1,90
75,19,2026-03-12T23:40:26.101063-07:00,-1,90
75,20,2026-03-13T19:57:46.228142-07:00,-1,90
75,21,2026-03-13T20:02:28.718204-07:00,-1,90
76,1,2026-03-11T20:11:45.488787-07:00,,64.2857
76,2,2026-03-11T21:18:29.688649-07:00,44725.269,90
77,1,2026-03-11T21:04:45.645376-07:00,28.734,90
77,2,2026-03-11T21:26:34.118079-07:00,8.945,90
78,1,2026-03-11T21:27:07.182600-07:00,974.4490000000001,90
79,1,2026-03-11T21:01:13.342114-07:00,,38.5714
79,2,2026-03-11T21:27:21.340255-07:00,5.414,90
80,1,2026-03-11T21:39:43.640160-07:00,1086.42,90
81,1,2026-03-11T21:54:18.493572-07:00,345.46000000000004,90
82,1,2026-03-11T22:00:56.531077-07:00,,51.4286
82,2,2026-03-11T22:09:18.022938-07:00,7.590000000000001,90
83,1,2026-03-11T17:04:09.652329-07:00,,51.4286
83,2,2026-03-11T17:32:40.159492-07:00,-1,90
83,3,2026-03-11T19:33:06.972277-07:00,407.819,90
83,4,2026-03-11T22:18:56.781959-07:00,4.368,90
83,5,2026-03-11T23:05:45.460691-07:00,-1,90
84,1,2026-03-11T01:11:10.089377-07:00,,0
84,2,2026-03-11T20:31:42.407461-07:00,923.676,90
84,3,2026-03-11T20:43:57.785341-07:00,8.987,90
84,4,2026-03-11T21:14:33.018819-07:00,791.381,90
84,5,2026-03-11T21:55:06.796361-07:00,8.773,90
84,6,2026-03-11T22:12:00.007973-07:00,8.863,90
84,7,2026-03-11T22:20:20.681598-07:00,8.814,90
84,8,2026-03-11T22:31:55.154438-07:00,10.713000000000001,90
84,9,2026-03-12T11:28:46.062588-07:00,,64.2857
85,1,2026-03-10T21:26:22.293636-07:00,,0
85,2,2026-03-11T10:48:29.972985-07:00,,0
85,3,2026-03-11T10:52:45.726496-07:00,,0
85,4,2026-03-11T11:06:54.581091-07:00,,0
85,5,2026-03-11T11:19:43.704631-07:00,,0
85,6,2026-03-11T11:23:15.603001-07:00,,0
85,7,2026-03-11T11:27:14.711101-07:00,,0
85,8,2026-03-11T11:35:56.202131-07:00,,0
85,9,2026-03-11T11:45:23.319480-07:00,,0
85,10,2026-03-11T14:35:36.971271-07:00,,0
85,11,2026-03-11T14:40:55.456306-07:00,,0
85,12,2026-03-11T14:46:21.535639-07:00,,0
85,13,2026-03-11T14:53:27.741302-07:00,,0
85,14,2026-03-11T15:02:23.099091-07:00,,0
85,15,2026-03-11T15:07:23.961612-07:00,,0
85,16,2026-03-11T15:15:47.937387-07:00,,0
85,17,2026-03-11T15:17:19.529592-07:00,,0
85,18,2026-03-11T15:21:18.264234-07:00,,0
85,19,2026-03-11T15:22:51.843204-07:00,,0
85,20,2026-03-11T15:26:47.621613-07:00,,0
85,21,2026-03-11T15:36:40.354015-07:00,,0
85,22,2026-03-11T16:07:26.392531-07:00,,0
85,23,2026-03-11T16:15:35.362682-07:00,,0
85,24,2026-03-11T16:21:49.718844-07:00,,0
85,25,2026-03-11T16:28:33.606170-07:00,,0
85,26,2026-03-11T21:56:28.096584-07:00,,0
85,27,2026-03-11T22:07:16.579399-07:00,806.274,90
85,28,2026-03-11T22:27:25.413336-07:00,841.27,90
86,1,2026-03-11T22:33:57.782085-07:00,9.266,90
87,1,2026-03-11T22:48:25.206277-07:00,969.9300000000001,90
88,1,2026-03-11T23:06:04.644183-07:00,697.477,90
89,1,2026-03-10T22:12:57.195726-07:00,,
89,2,2026-03-11T08:01:10.557201-07:00,961.583,90
89,3,2026-03-11T23:03:07.837392-07:00,-1,90
89,4,2026-03-11T23:20:10.045124-07:00,7.889,90
90,1,2026-03-11T18:59:13.229979-07:00,1045.038,90
90,2,2026-03-11T19:50:46.951277-07:00,,0
90,3,2026-03-11T20:03:32.609365-07:00,,0
90,4,2026-03-11T20:14:59.940534-07:00,823.101,90
90,5,2026-03-11T23:02:19.201616-07:00,,0
90,6,2026-03-11T23:31:59.220385-07:00,7.9510000000000005,90
90,7,2026-03-12T00:32:11.179692-07:00,,0
90,8,2026-03-12T00:37:58.669029-07:00,24.274,90
90,9,2026-03-12T15:28:28.489884-07:00,14.149,90
90,10,2026-03-12T15:46:03.766206-07:00,-1,90
90,11,2026-03-12T16:48:52.492612-07:00,44.623000000000005,90
90,12,2026-03-13T20:05:42.039759-07:00,,0
90,13,2026-03-13T22:22:38.465601-07:00,-1,90
91,1,2026-03-11T23:57:47.442100-07:00,3265.898,90
92,1,2026-03-11T21:06:50.246811-07:00,,0
92,2,2026-03-12T00:09:37.394228-07:00,836.718,90
93,1,2026-03-11T23:37:22.480424-07:00,,0
93,2,2026-03-12T00:14:23.552043-07:00,9.697,90
94,1,2026-03-11T23:34:58.272014-07:00,,0
94,2,2026-03-12T00:35:26.726965-07:00,838.565,90
95,1,2026-03-11T20:23:54.556466-07:00,,0
95,2,2026-03-11T22:59:36.953109-07:00,-1,90
95,3,2026-03-12T00:50:28.696700-07:00,9.692,90
96,1,2026-03-11T23:17:50.185459-07:00,8.643,90
96,2,2026-03-12T00:22:31.728573-07:00,,0
96,3,2026-03-12T01:10:28.257277-07:00,9.251000000000001,90
96,4,2026-03-12T01:21:36.439856-07:00,9.235,90
96,5,2026-03-12T01:40:20.284249-07:00,8.676,90
96,6,2026-03-12T16:12:42.634721-07:00,-1,90
97,1,2026-03-12T01:54:17.307198-07:00,969.63,90
98,1,2026-03-11T22:03:47.750475-07:00,,0
98,2,2026-03-11T22:26:33.205434-07:00,,0
98,3,2026-03-12T01:01:19.687575-07:00,,0
98,4,2026-03-12T01:20:13.313451-07:00,,51.4286
98,5,2026-03-12T02:49:22.809111-07:00,,51.4286
98,6,2026-03-12T02:54:31.853773-07:00,,0
98,7,2026-03-12T03:08:52.108080-07:00,,51.4286
98,8,2026-03-12T03:22:13.559462-07:00,6.042,90
98,9,2026-03-12T03:45:50.973449-07:00,6.147,90
99,1,2026-03-12T04:32:33.388171-07:00,20.096,90
99,2,2026-03-12T04:53:14.520204-07:00,10.436,90
99,3,2026-03-12T05:03:50.503302-07:00,5.942,90
99,4,2026-03-12T05:17:16.620393-07:00,,25.7143
100,1,2026-03-11T23:45:15.834917-07:00,,0
100,2,2026-03-11T23:51:36.223090-07:00,,0
100,3,2026-03-12T00:06:27.113763-07:00,,0
100,4,2026-03-12T00:18:14.912945-07:00,,0
100,5,2026-03-12T00:24:36.181418-07:00,,0
100,6,2026-03-12T01:10:35.828003-07:00,,0
100,7,2026-03-12T01:17:49.416637-07:00,,25.7143
100,8,2026-03-12T01:27:32.715610-07:00,,25.7143
100,9,2026-03-12T08:45:21.759027-07:00,8.944,90
101,1,2026-03-12T09:39:59.141967-07:00,8.414,90
101,2,2026-03-12T11:11:38.366950-07:00,,0
101,3,2026-03-12T11:16:52.327944-07:00,,0
102,1,2026-03-11T21:08:06.498112-07:00,,0
102,2,2026-03-11T22:51:27.532017-07:00,,0
102,3,2026-03-12T09:31:58.521785-07:00,,0
102,4,2026-03-12T09:40:27.504933-07:00,,0
102,5,2026-03-12T09:51:23.187149-07:00,8.798,90
103,1,2026-03-12T10:23:16.927829-07:00,5.097,90
104,1,2026-03-10T22:07:10.012461-07:00,,
104,2,2026-03-11T08:00:28.179276-07:00,,0
104,3,2026-03-11T08:01:38.260737-07:00,,0
104,4,2026-03-11T16:18:13.433736-07:00,,0
104,5,2026-03-11T21:00:56.074239-07:00,2.508,90
104,6,2026-03-12T10:26:57.498701-07:00,1.512,90
104,7,2026-03-13T20:49:36.108632-07:00,-1,90
105,1,2026-03-11T13:51:41.708379-07:00,835.063,90
105,2,2026-03-11T16:07:15.063758-07:00,,0
105,3,2026-03-11T20:47:42.103365-07:00,16.733,90
105,4,2026-03-11T21:06:51.723612-07:00,,0
105,5,2026-03-11T23:29:30.562843-07:00,33.355,90
105,6,2026-03-11T23:46:29.854430-07:00,,0
105,7,2026-03-12T00:33:40.189810-07:00,56.754000000000005,90
105,8,2026-03-12T11:11:30.963142-07:00,8.703,90
105,9,2026-03-12T11:13:49.278808-07:00,9.169,90
105,10,2026-03-12T11:40:31.425064-07:00,-1,90
105,11,2026-03-13T13:10:16.388804-07:00,-1,90
105,12,2026-03-13T15:02:18.658930-07:00,-1,90
105,13,2026-03-13T15:11:39.825183-07:00,9.714,90
105,14,2026-03-13T15:32:26.088227-07:00,-1,90
106,1,2026-03-12T11:39:06.277895-07:00,840.45,90
107,1,2026-03-10T22:49:53.918840-07:00,,0
107,2,2026-03-12T12:24:10.736318-07:00,991.142,90
108,1,2026-03-10T23:18:48.648804-07:00,4.182,90
108,2,2026-03-11T22:33:06.753516-07:00,,0
108,3,2026-03-11T23:12:48.132124-07:00,,64.2857
108,4,2026-03-11T23:18:11.109400-07:00,8.978,90
108,5,2026-03-11T23:40:23.520349-07:00,4.167,90
108,6,2026-03-12T08:57:53.936793-07:00,4.564,90
108,7,2026-03-12T11:18:12.576854-07:00,4.473,90
108,8,2026-03-12T11:35:11.062076-07:00,,0
108,9,2026-03-12T12:27:49.868193-07:00,4.103,90
109,1,2026-03-12T11:30:31.483561-07:00,,0
109,2,2026-03-12T12:50:36.330371-07:00,1102.088,90
110,1,2026-03-12T13:23:08.547459-07:00,16.978,90
111,1,2026-03-12T13:29:20.268983-07:00,8.921,90
112,1,2026-03-11T16:55:26.233029-07:00,,64.2857
112,2,2026-03-11T17:07:44.152080-07:00,,64.2857
112,3,2026-03-11T17:18:44.595550-07:00,,64.2857
112,4,2026-03-11T17:39:43.054511-07:00,,0
112,5,2026-03-11T17:45:16.336495-07:00,16.866,90
112,6,2026-03-11T18:29:08.913546-07:00,,64.2857
112,7,2026-03-11T18:40:31.905902-07:00,,64.2857
112,8,2026-03-11T18:53:54.850484-07:00,17.713,90
112,9,2026-03-11T19:04:11.879281-07:00,16.876,90
112,10,2026-03-11T21:06:22.625707-07:00,8.99,90
112,11,2026-03-11T22:22:45.777779-07:00,-1,90
112,12,2026-03-12T13:35:13.332582-07:00,15.865,90
112,13,2026-03-12T13:39:27.201155-07:00,5.236,90
112,14,2026-03-12T13:52:37.835071-07:00,4.461,90
112,15,2026-03-12T14:23:07.025364-07:00,,64.2857
112,16,2026-03-12T14:44:48.431427-07:00,,0
112,17,2026-03-12T15:42:55.493503-07:00,-1,90
112,18,2026-03-12T16:35:12.794085-07:00,-1,90
113,1,2026-03-12T14:04:10.119569-07:00,8.776,90
113,2,2026-03-13T19:01:12.801875-07:00,-1,90
114,1,2026-03-12T15:24:46.370809-07:00,934.511,90
115,1,2026-03-12T15:42:33.577881-07:00,9.741999999999999,90
116,1,2026-03-12T15:47:49.367416-07:00,,0
116,2,2026-03-12T15:52:55.275979-07:00,31.985,90
117,1,2026-03-10T22:34:58.467387-07:00,,0
117,2,2026-03-12T16:36:27.468666-07:00,9.690999999999999,90
118,1,2026-03-12T12:07:50.739716-07:00,,0
118,2,2026-03-12T12:11:39.842180-07:00,,0
118,3,2026-03-12T12:17:10.950315-07:00,,0
118,4,2026-03-12T16:36:41.304976-07:00,975.601,90
119,1,2026-03-12T16:18:26.789278-07:00,,0
119,2,2026-03-12T16:45:20.542499-07:00,1004.4440000000001,90
119,3,2026-03-13T20:42:54.409113-07:00,,38.5714
119,4,2026-03-13T20:58:10.081623-07:00,,0
119,5,2026-03-13T21:28:03.380452-07:00,,38.5714
119,6,2026-03-13T22:20:48.919417-07:00,-1,90
120,1,2026-03-12T16:47:39.891428-07:00,7.658,90
121,1,2026-03-12T16:57:13.025379-07:00,975.5020000000001,90
122,1,2026-03-12T12:45:38.477235-07:00,,51.4286
122,2,2026-03-12T14:16:17.789166-07:00,,0
122,3,2026-03-12T16:57:25.060499-07:00,289833.887,90
123,1,2026-03-12T17:17:46.919044-07:00,976.192,90
124,1,2026-03-12T16:31:48.799259-07:00,,0
124,2,2026-03-12T17:32:50.769797-07:00,4.853,90
125,1,2026-03-12T17:39:52.627210-07:00,10.889,90
125,2,2026-03-12T17:49:58.626554-07:00,8.992,90
125,3,2026-03-12T23:52:43.959481-07:00,,51.4286
125,4,2026-03-12T23:53:30.359410-07:00,,51.4286
126,1,2026-03-12T18:25:47.022543-07:00,969.77,90
127,1,2026-03-12T18:28:42.801050-07:00,975.4920000000001,90
128,1,2026-03-11T11:18:20.553482-07:00,9.663,90
128,2,2026-03-12T15:50:22.122162-07:00,-1,90
128,3,2026-03-12T17:10:37.070099-07:00,-1,90
128,4,2026-03-12T18:36:06.517444-07:00,9.366000000000001,90
129,1,2026-03-12T16:42:47.655533-07:00,-1,90
129,2,2026-03-12T18:01:36.422740-07:00,,0
129,3,2026-03-12T18:51:12.071595-07:00,8.972,90
130,1,2026-03-12T18:52:49.623361-07:00,8.998000000000001,90
131,1,2026-03-11T23:47:30.075854-07:00,,0
131,2,2026-03-12T00:15:21.253061-07:00,956.568,90
131,3,2026-03-12T14:25:00.676018-07:00,9.64,90
131,4,2026-03-12T14:43:57.265266-07:00,18.402,90
131,5,2026-03-12T15:01:51.299261-07:00,9.046000000000001,90
131,6,2026-03-12T15:11:59.817785-07:00,8.997,90
131,7,2026-03-12T19:16:05.631977-07:00,8.934000000000001,90
131,8,2026-03-12T23:41:51.849462-07:00,-1,90
131,9,2026-03-12T23:58:31.134977-07:00,-1,90
131,10,2026-03-13T00:31:58.315260-07:00,-1,90
131,11,2026-03-13T00:39:35.592367-07:00,-1,90
131,12,2026-03-13T10:37:16.041001-07:00,-1,90
131,13,2026-03-13T10:49:06.527393-07:00,-1,90
131,14,2026-03-13T11:12:13.641837-07:00,28.455,90
132,1,2026-03-10T23:16:33.169016-07:00,,0
132,2,2026-03-11T00:06:02.306961-07:00,54.432,90
132,3,2026-03-12T19:37:41.701062-07:00,54.579,90
133,1,2026-03-12T15:14:29.654082-07:00,3357.6890000000003,90
133,2,2026-03-12T19:22:08.818360-07:00,,64.2857
133,3,2026-03-12T19:39:22.558782-07:00,-1,90
133,4,2026-03-12T19:39:56.898418-07:00,16.808,90
134,1,2026-03-12T19:40:30.993379-07:00,-1,90
135,1,2026-03-12T16:42:32.563619-07:00,,0
135,2,2026-03-12T18:27:21.296931-07:00,,0
135,3,2026-03-12T18:27:54.045329-07:00,,0
135,4,2026-03-12T19:54:25.353977-07:00,,0
135,5,2026-03-12T20:02:57.599919-07:00,18.622,90
135,6,2026-03-12T20:19:12.312444-07:00,-1,90
136,1,2026-03-12T18:07:23.929259-07:00,,0
136,2,2026-03-12T19:02:15.930659-07:00,18.622,90
136,3,2026-03-12T20:04:54.677518-07:00,25.002,90
137,1,2026-03-12T20:08:25.120195-07:00,840.388,90
138,1,2026-03-12T20:28:12.444120-07:00,8.7,90
139,1,2026-03-12T13:48:46.477448-07:00,,0
139,2,2026-03-12T20:28:14.240029-07:00,-1,90
140,1,2026-03-12T13:06:26.206333-07:00,18.575,90
140,2,2026-03-12T13:22:24.860552-07:00,,64.2857
140,3,2026-03-12T19:50:25.453562-07:00,,0
140,4,2026-03-12T19:50:47.352501-07:00,6.039000000000001,90
140,5,2026-03-12T20:09:19.141230-07:00,-1,90
140,6,2026-03-12T20:26:13.924632-07:00,8.456999999999999,90
140,7,2026-03-12T20:37:17.664510-07:00,4.8180000000000005,90
141,1,2026-03-12T20:49:30.346245-07:00,,64.2857
141,2,2026-03-12T20:53:53.140077-07:00,-1,90
142,1,2026-03-12T20:55:43.644276-07:00,971.655,90
143,1,2026-03-12T18:36:20.315142-07:00,,0
143,2,2026-03-12T21:02:16.688143-07:00,632.827,90
144,1,2026-03-12T21:13:47.393666-07:00,,25.7143
144,2,2026-03-12T21:16:47.017649-07:00,835.328,90
145,1,2026-03-12T21:30:18.761823-07:00,837.708,90
146,1,2026-03-12T21:44:41.534184-07:00,907.24,90
147,1,2026-03-12T18:04:57.472735-07:00,,0
147,2,2026-03-12T20:37:36.480444-07:00,,0
147,3,2026-03-12T21:54:54.352822-07:00,9.839,90
148,1,2026-03-12T21:59:43.273401-07:00,9.854,90
149,1,2026-03-12T22:00:55.407495-07:00,1022.04,90
150,1,2026-03-12T22:03:51.211630-07:00,843.166,90
151,1,2026-03-12T23:01:13.243922-07:00,8.953,90
152,1,2026-03-12T22:28:29.272754-07:00,,0
152,2,2026-03-12T23:21:04.106940-07:00,934.658,90
153,1,2026-03-12T23:04:49.289931-07:00,-1,90
153,2,2026-03-12T23:23:07.433343-07:00,18.219,90
154,1,2026-03-12T23:27:15.189150-07:00,634.6030000000001,90
155,1,2026-03-12T23:39:37.549998-07:00,941.646,90
156,1,2026-03-12T23:41:33.822362-07:00,9.12,90
156,2,2026-03-13T23:29:42.851918-07:00,-1,90
157,1,2026-03-10T23:51:47.527057-07:00,,0
157,2,2026-03-13T00:16:23.280714-07:00,9.017,90
158,1,2026-03-13T00:49:25.059964-07:00,933.731,90
159,1,2026-03-13T00:54:21.062443-07:00,920.099,90
160,1,2026-03-13T00:58:54.458426-07:00,9.834,90
160,2,2026-03-13T18:49:33.447370-07:00,,0
160,3,2026-03-13T20:02:39.871703-07:00,,0
160,4,2026-03-14T18:11:48.673421-07:00,,0
161,1,2026-03-13T01:26:34.619700-07:00,827.566,90
162,1,2026-03-13T00:44:42.048659-07:00,,0
162,2,2026-03-13T01:50:23.905165-07:00,25875.44,90
163,1,2026-03-13T05:29:07.884281-07:00,8.887,90
164,1,2026-03-13T08:58:32.484288-07:00,-1,90
164,2,2026-03-13T09:00:00.260819-07:00,9.919,90
165,1,2026-03-13T05:23:24.246597-07:00,,0
165,2,2026-03-13T06:18:49.854086-07:00,,0
165,3,2026-03-13T09:59:43.185824-07:00,8.869,90
166,1,2026-03-13T10:14:13.838529-07:00,838.289,90
167,1,2026-03-13T10:31:28.251080-07:00,9.888,90
168,1,2026-03-12T16:20:09.957962-07:00,,0
168,2,2026-03-12T16:21:52.355695-07:00,,0
168,3,2026-03-12T16:31:38.891044-07:00,,0
168,4,2026-03-12T16:35:27.534363-07:00,,0
168,5,2026-03-12T16:38:27.878983-07:00,,0
168,6,2026-03-12T16:51:25.607175-07:00,,0
168,7,2026-03-12T22:46:20.225016-07:00,,0
168,8,2026-03-12T23:06:18.914156-07:00,,0
168,9,2026-03-12T23:24:23.340333-07:00,,0
168,10,2026-03-13T10:57:17.475539-07:00,,0
168,11,2026-03-13T11:22:10.516183-07:00,,0
168,12,2026-03-13T11:25:54.920919-07:00,,0
168,13,2026-03-13T11:42:15.792152-07:00,942.374,90
169,1,2026-03-13T11:57:19.938925-07:00,24393.502,90
170,1,2026-03-13T00:01:16.335140-07:00,-1,90
170,2,2026-03-13T00:19:56.491246-07:00,,64.2857
170,3,2026-03-13T00:27:25.151749-07:00,,64.2857
170,4,2026-03-13T00:40:30.484670-07:00,,64.2857
170,5,2026-03-13T00:42:27.368265-07:00,,64.2857
170,6,2026-03-13T00:56:00.532050-07:00,,64.2857
170,7,2026-03-13T00:57:54.455546-07:00,,64.2857
170,8,2026-03-13T01:03:57.830048-07:00,,64.2857
170,9,2026-03-13T11:34:17.669148-07:00,,64.2857
170,10,2026-03-13T12:20:48.570373-07:00,28.896,90
170,11,2026-03-13T12:33:13.694729-07:00,-1,90
170,12,2026-03-13T15:54:08.846823-07:00,-1,90
170,13,2026-03-13T16:00:30.797554-07:00,-1,90
170,14,2026-03-13T23:49:36.495128-07:00,-1,90
171,1,2026-03-13T12:35:05.720671-07:00,833.052,90
172,1,2026-03-13T12:51:33.362500-07:00,8.312,90
173,1,2026-03-13T12:55:41.198194-07:00,9.011000000000001,90
173,2,2026-03-13T13:16:26.164443-07:00,,64.2857
173,3,2026-03-13T13:23:32.883646-07:00,,0
173,4,2026-03-13T13:27:52.101785-07:00,,0
173,5,2026-03-13T13:32:42.835622-07:00,,64.2857
173,6,2026-03-13T13:36:03.978805-07:00,,64.2857
173,7,2026-03-13T13:43:06.992136-07:00,,64.2857
173,8,2026-03-13T13:51:55.741420-07:00,-1,90
173,9,2026-03-13T13:56:48.337013-07:00,,0
173,10,2026-03-13T14:01:14.367271-07:00,,0
173,11,2026-03-13T14:06:44.030835-07:00,,0
173,12,2026-03-13T15:16:24.337161-07:00,-1,90
174,1,2026-03-13T13:05:36.004168-07:00,967.5550000000001,90
175,1,2026-03-13T13:26:23.932273-07:00,7.44,90
175,2,2026-03-15T22:59:13.713408-07:00,-1,90
176,1,2026-03-11T21:20:29.565595-07:00,,0
176,2,2026-03-11T22:16:29.299399-07:00,,0
176,3,2026-03-13T13:49:39.038726-07:00,837290.735,90
177,1,2026-03-13T13:50:25.953044-07:00,978.88,90
178,1,2026-03-13T03:01:49.194686-07:00,,0
178,2,2026-03-13T13:57:20.780730-07:00,,0
178,3,2026-03-13T14:20:05.534636-07:00,9.834999999999999,90
179,1,2026-03-13T14:30:31.214039-07:00,839.74,90
180,1,2026-03-13T14:39:09.553336-07:00,282.457,90
181,1,2026-03-13T12:23:38.722690-07:00,,0
181,2,2026-03-13T13:32:34.500013-07:00,-1,90
181,3,2026-03-13T15:11:33.858074-07:00,19.358,90
182,1,2026-03-13T15:13:24.760014-07:00,894.019,90
183,1,2026-03-12T18:05:43.805336-07:00,,0
183,2,2026-03-12T21:23:50.668486-07:00,-1,90
183,3,2026-03-12T22:48:08.958238-07:00,,0
183,4,2026-03-12T23:33:00.043186-07:00,18.359,90
183,5,2026-03-13T00:12:53.252969-07:00,,64.2857
183,6,2026-03-13T00:14:37.951332-07:00,,64.2857
183,7,2026-03-13T00:18:12.137959-07:00,-1,90
183,8,2026-03-13T00:21:43.172308-07:00,-1,90
183,9,2026-03-13T00:32:35.619272-07:00,-1,90
183,10,2026-03-13T00:38:01.442398-07:00,,0
183,11,2026-03-13T15:13:51.173366-07:00,18.382,90
183,12,2026-03-13T15:37:12.296592-07:00,-1,90
183,13,2026-03-13T19:01:09.605150-07:00,-1,90
183,14,2026-03-13T19:08:57.357127-07:00,-1,90
184,1,2026-03-12T22:31:08.241269-07:00,-1,90
184,2,2026-03-12T23:01:42.923379-07:00,-1,90
184,3,2026-03-13T00:04:38.731696-07:00,-1,90
184,4,2026-03-13T00:19:42.769704-07:00,-1,90
184,5,2026-03-13T12:08:58.755063-07:00,-1,90
184,6,2026-03-13T15:15:23.376998-07:00,648.902,90
185,1,2026-03-12T23:42:26.988533-07:00,-1,90
185,2,2026-03-13T15:19:05.833069-07:00,10.212,90
186,1,2026-03-13T03:04:32.483335-07:00,,0
186,2,2026-03-13T03:15:30.033100-07:00,,0
186,3,2026-03-13T12:31:22.233924-07:00,,0
186,4,2026-03-13T14:29:37.936787-07:00,-1,90
186,5,2026-03-13T15:05:46.352254-07:00,-1,90
186,6,2026-03-13T15:14:50.723152-07:00,-1,90
186,7,2026-03-13T15:16:01.467101-07:00,-1,90
186,8,2026-03-13T15:19:33.399147-07:00,9.333,90
187,1,2026-03-12T23:31:41.645108-07:00,-1,90
187,2,2026-03-13T00:03:21.631852-07:00,-1,90
187,3,2026-03-13T15:20:25.389321-07:00,969.527,90
188,1,2026-03-11T16:16:15.897565-07:00,,0
188,2,2026-03-11T17:51:57.384726-07:00,1042.288,90
188,3,2026-03-12T08:11:07.912085-07:00,916.798,90
188,4,2026-03-13T00:17:08.898400-07:00,,25.7143
188,5,2026-03-13T00:32:05.530351-07:00,-1,90
188,6,2026-03-13T10:42:06.415230-07:00,-1,90
188,7,2026-03-13T15:24:07.796584-07:00,4.096,90
189,1,2026-03-13T14:41:28.959063-07:00,,0
189,2,2026-03-13T14:50:27.286258-07:00,,0
189,3,2026-03-13T15:03:24.532740-07:00,,0
189,4,2026-03-13T15:06:27.059355-07:00,,0
189,5,2026-03-13T15:13:07.998084-07:00,,0
189,6,2026-03-13T15:16:58.875462-07:00,,0
189,7,2026-03-13T15:30:02.635070-07:00,839.951,90
190,1,2026-03-13T15:34:57.980674-07:00,973.22,90
191,1,2026-03-12T21:27:49.566200-07:00,-1,90
191,2,2026-03-13T13:18:43.457233-07:00,,0
191,3,2026-03-13T13:25:30.520456-07:00,-1,90
191,4,2026-03-13T13:41:49.026800-07:00,,0
191,5,2026-03-13T13:55:16.644913-07:00,,38.5714
191,6,2026-03-13T14:10:08.175374-07:00,,38.5714
191,7,2026-03-13T14:49:03.241326-07:00,,38.5714
191,8,2026-03-13T15:06:26.313664-07:00,,38.5714
191,9,2026-03-13T15:24:54.073479-07:00,,38.5714
191,10,2026-03-13T15:39:00.936893-07:00,24.038,90
192,1,2026-03-13T15:40:11.004560-07:00,11.027,90
193,1,2026-03-13T15:34:23.803516-07:00,-1,90
193,2,2026-03-13T15:41:38.123928-07:00,13.497,90
194,1,2026-03-13T15:49:25.246531-07:00,972.223,90
195,1,2026-03-12T21:08:33.234152-07:00,,0
195,2,2026-03-12T21:29:12.269727-07:00,-1,90
195,3,2026-03-13T15:34:27.214314-07:00,,25.7143
195,4,2026-03-13T15:46:59.927165-07:00,-1,90
195,5,2026-03-13T15:52:05.408905-07:00,48.197,90
196,1,2026-03-13T15:53:13.284705-07:00,975.123,90
197,1,2026-03-13T16:05:46.300372-07:00,-1,90
198,1,2026-03-13T13:14:10.664667-07:00,-1,90
198,2,2026-03-13T13:21:21.950065-07:00,,0
198,3,2026-03-13T13:22:48.408491-07:00,,0
198,4,2026-03-13T13:27:45.768998-07:00,-1,90
198,5,2026-03-13T13:38:14.403698-07:00,,0
198,6,2026-03-13T15:10:54.581128-07:00,-1,90
198,7,2026-03-13T15:41:11.371043-07:00,-1,90
198,8,2026-03-13T15:50:04.028885-07:00,-1,90
198,9,2026-03-13T16:06:04.735114-07:00,31.93,90
199,1,2026-03-13T15:55:36.091160-07:00,,0
199,2,2026-03-13T16:13:53.521028-07:00,840.682,90
200,1,2026-03-13T16:33:41.512073-07:00,8.146,90
201,1,2026-03-13T16:36:53.266507-07:00,631.999,90
202,1,2026-03-12T19:10:42.820253-07:00,819.226,90
202,2,2026-03-13T16:42:30.764111-07:00,8.789,90
203,1,2026-03-13T16:47:51.285597-07:00,969.539,90
204,1,2026-03-13T16:49:21.868301-07:00,7.484,90
205,1,2026-03-13T16:51:14.292407-07:00,851.782,90
206,1,2026-03-13T15:28:55.924617-07:00,,0
206,2,2026-03-13T17:16:03.486355-07:00,10.753,90
207,1,2026-03-13T17:32:37.045224-07:00,14.329,90
208,1,2026-03-13T17:46:53.447519-07:00,873.938,90
209,1,2026-03-12T13:22:05.190957-07:00,,0
209,2,2026-03-12T14:22:57.710500-07:00,959.995,90
209,3,2026-03-13T17:54:06.442356-07:00,3.866,90
210,1,2026-03-13T17:57:34.587850-07:00,824.284,90
210,2,2026-03-13T18:12:08.790443-07:00,,0
211,1,2026-03-12T15:35:43.048405-07:00,-1,90
211,2,2026-03-12T15:56:45.068619-07:00,,0
211,3,2026-03-12T16:37:27.087587-07:00,-1,90
211,4,2026-03-12T17:05:49.088194-07:00,-1,90
211,5,2026-03-12T17:06:30.134568-07:00,-1,90
211,6,2026-03-12T17:30:52.729888-07:00,953.0310000000001,90
211,7,2026-03-12T17:43:05.934574-07:00,1065.965,90
211,8,2026-03-12T19:01:14.035200-07:00,926.589,90
211,9,2026-03-12T19:21:57.576574-07:00,,0
211,10,2026-03-12T19:41:19.504871-07:00,-1,90
211,11,2026-03-12T20:11:26.235928-07:00,-1,90
211,12,2026-03-13T15:38:02.475162-07:00,-1,90
211,13,2026-03-13T17:44:24.309713-07:00,28.661,90
211,14,2026-03-13T18:07:55.964462-07:00,16.928,90
211,15,2026-03-13T18:34:27.222734-07:00,,0
211,16,2026-03-13T19:11:43.970048-07:00,-1,90
211,17,2026-03-13T19:17:02.216279-07:00,-1,90
211,18,2026-03-13T19:21:58.698008-07:00,-1,90
211,19,2026-03-13T19:32:08.182419-07:00,-1,90
211,20,2026-03-13T19:39:17.833563-07:00,-1,90
211,21,2026-03-13T19:49:33.665232-07:00,-1,90
211,22,2026-03-13T19:54:41.258487-07:00,-1,90
211,23,2026-03-13T20:06:16.429198-07:00,-1,90
211,24,2026-03-13T20:18:02.115301-07:00,-1,90
211,25,2026-03-13T20:36:24.159292-07:00,-1,90
211,26,2026-03-13T20:42:22.589056-07:00,-1,90
212,1,2026-03-12T23:59:00.982196-07:00,,0
212,2,2026-03-13T01:01:51.625580-07:00,,0
212,3,2026-03-13T09:58:28.237185-07:00,,0
212,4,2026-03-13T17:54:36.414390-07:00,-1,90
212,5,2026-03-13T18:05:30.922196-07:00,,0
212,6,2026-03-13T18:08:45.055905-07:00,821.981,90
212,7,2026-03-13T18:35:06.448359-07:00,,0
212,8,2026-03-13T18:40:08.828791-07:00,,0
212,9,2026-03-13T18:45:49.400016-07:00,-1,90
212,10,2026-03-13T19:53:35.733277-07:00,,0
212,11,2026-03-13T20:02:22.359923-07:00,,0
213,1,2026-03-13T13:04:40.108903-07:00,,0
213,2,2026-03-13T13:35:44.869415-07:00,,0
213,3,2026-03-13T18:09:08.427309-07:00,8.888,90
213,4,2026-03-14T10:04:37.704925-07:00,-1,90
214,1,2026-03-13T18:11:22.466480-07:00,835.054,90
215,1,2026-03-13T18:20:38.796840-07:00,8.806000000000001,90
216,1,2026-03-10T21:45:27.387352-07:00,,0
216,2,2026-03-13T18:26:46.886067-07:00,-1,90
217,1,2026-03-13T18:28:12.469437-07:00,8.857,90
218,1,2026-03-11T13:10:57.401495-07:00,,0
218,2,2026-03-11T13:35:42.976001-07:00,,0
218,3,2026-03-11T14:31:14.533380-07:00,-1,90
218,4,2026-03-11T18:22:13.630776-07:00,-1,90
218,5,2026-03-11T18:35:26.434362-07:00,,0
218,6,2026-03-11T18:42:25.965521-07:00,,0
218,7,2026-03-11T19:29:16.179352-07:00,,0
218,8,2026-03-11T19:47:56.403442-07:00,-1,90
218,9,2026-03-11T20:03:47.903771-07:00,-1,90
218,10,2026-03-11T20:18:47.885741-07:00,-1,90
218,11,2026-03-11T20:25:26.627423-07:00,-1,90
218,12,2026-03-11T20:36:02.371343-07:00,-1,90
218,13,2026-03-11T21:03:03.517117-07:00,-1,90
218,14,2026-03-11T21:17:36.497199-07:00,-1,90
218,15,2026-03-11T21:33:46.255509-07:00,-1,90
218,16,2026-03-11T21:54:03.989698-07:00,-1,90
218,17,2026-03-11T22:11:13.579562-07:00,-1,90
218,18,2026-03-11T22:30:39.823999-07:00,-1,90
218,19,2026-03-11T22:52:06.164864-07:00,-1,90
218,20,2026-03-11T23:12:08.109740-07:00,-1,90
218,21,2026-03-11T23:20:49.082634-07:00,-1,90
218,22,2026-03-11T23:29:21.764024-07:00,-1,90
218,23,2026-03-11T23:40:10.308930-07:00,-1,90
218,24,2026-03-11T23:47:35.243616-07:00,,0
218,25,2026-03-12T00:01:44.246471-07:00,-1,90
218,26,2026-03-12T00:07:53.727141-07:00,-1,90
218,27,2026-03-12T00:14:26.270782-07:00,-1,90
218,28,2026-03-12T00:24:54.775516-07:00,-1,90
218,29,2026-03-12T00:31:41.212606-07:00,-1,90
218,30,2026-03-12T00:40:12.887663-07:00,-1,90
218,31,2026-03-12T00:50:39.425875-07:00,-1,90
218,32,2026-03-12T00:59:44.493802-07:00,-1,90
218,33,2026-03-12T01:05:08.909207-07:00,,0
218,34,2026-03-12T09:32:37.486832-07:00,-1,90
218,35,2026-03-12T10:05:27.278614-07:00,-1,90
218,36,2026-03-12T10:16:50.629693-07:00,-1,90
218,37,2026-03-12T10:24:17.742313-07:00,-1,90
218,38,2026-03-12T10:45:25.341715-07:00,-1,90
218,39,2026-03-12T11:23:47.819629-07:00,,0
218,40,2026-03-12T11:28:29.477523-07:00,,0
218,41,2026-03-12T11:39:30.545229-07:00,,0
218,42,2026-03-12T16:19:03.223209-07:00,-1,90
218,43,2026-03-12T16:37:19.229639-07:00,-1,90
218,44,2026-03-12T16:59:11.213494-07:00,-1,90
218,45,2026-03-12T17:15:40.371969-07:00,-1,90
218,46,2026-03-12T17:32:49.044620-07:00,-1,90
218,47,2026-03-12T18:42:04.718776-07:00,,0
218,48,2026-03-12T19:42:47.942207-07:00,-1,90
218,49,2026-03-12T19:50:46.242765-07:00,-1,90
218,50,2026-03-12T21:26:35.614589-07:00,-1,90
218,51,2026-03-12T21:40:07.923900-07:00,-1,90
218,52,2026-03-12T22:32:52.437281-07:00,,0
218,53,2026-03-13T11:48:35.628807-07:00,-1,90
218,54,2026-03-13T15:11:31.176375-07:00,-1,90
218,55,2026-03-13T15:21:59.925587-07:00,-1,90
218,56,2026-03-13T18:17:41.042077-07:00,,0
218,57,2026-03-13T18:35:24.697280-07:00,-1,90
219,1,2026-03-13T18:31:51.975794-07:00,,0
219,2,2026-03-13T18:37:27.440199-07:00,9.719,90
220,1,2026-03-13T14:20:32.009017-07:00,,0
220,2,2026-03-13T14:48:33.219678-07:00,,0
220,3,2026-03-13T14:51:11.893061-07:00,,0
220,4,2026-03-13T14:55:33.573762-07:00,-1,90
220,5,2026-03-13T15:02:45.420115-07:00,-1,90
220,6,2026-03-13T15:11:38.829001-07:00,-1,90
220,7,2026-03-13T18:40:12.913009-07:00,841.279,90
221,1,2026-03-13T18:38:28.211243-07:00,,0
221,2,2026-03-13T18:55:25.282046-07:00,838.857,90
222,1,2026-03-13T18:59:51.971578-07:00,12.163,90
223,1,2026-03-13T19:05:06.081549-07:00,-1,90
224,1,2026-03-13T19:05:18.299861-07:00,975.316,90
225,1,2026-03-13T19:06:23.359618-07:00,984.5020000000001,90
226,1,2026-03-11T22:35:23.586752-07:00,820.2520000000001,90
226,2,2026-03-13T18:14:59.827361-07:00,,25.7143
226,3,2026-03-13T18:20:49.036531-07:00,,25.7143
226,4,2026-03-13T18:25:11.673871-07:00,807.921,90
226,5,2026-03-13T18:51:08.798623-07:00,,25.7143
226,6,2026-03-13T18:55:12.543412-07:00,,0
226,7,2026-03-13T19:11:32.775054-07:00,28.857,90
226,8,2026-03-13T22:56:11.910128-07:00,-1,90
227,1,2026-03-12T14:49:25.211674-07:00,23999.596,90
227,2,2026-03-12T20:02:15.620179-07:00,,0
227,3,2026-03-12T20:08:46.676659-07:00,,0
227,4,2026-03-12T20:13:32.920088-07:00,,0
227,5,2026-03-12T20:20:09.753296-07:00,,0
227,6,2026-03-12T20:57:45.468646-07:00,,0
227,7,2026-03-12T21:04:34.966688-07:00,,0
227,8,2026-03-12T21:47:59.651715-07:00,-1,90
227,9,2026-03-13T15:54:41.421673-07:00,,0
227,10,2026-03-13T16:00:10.786229-07:00,,0
227,11,2026-03-13T16:03:01.763644-07:00,,0
227,12,2026-03-13T16:06:28.365023-07:00,-1,90
227,13,2026-03-13T19:12:56.003277-07:00,118.992,90
228,1,2026-03-13T19:13:47.604575-07:00,12.249,90
229,1,2026-03-13T19:20:06.694143-07:00,975.0840000000001,90
230,1,2026-03-13T18:55:30.542750-07:00,-1,90
230,2,2026-03-13T19:27:12.298136-07:00,800.277,90
231,1,2026-03-13T19:31:18.646250-07:00,14.9,90
232,1,2026-03-13T19:34:34.174171-07:00,930.465,90
233,1,2026-03-13T17:57:39.395262-07:00,,0
233,2,2026-03-13T18:11:38.964192-07:00,,0
233,3,2026-03-13T18:19:19.299083-07:00,,0
233,4,2026-03-13T19:47:56.906433-07:00,76.583,90
233,5,2026-03-13T20:06:22.326483-07:00,-1,90
234,1,2026-03-13T18:23:42.745826-07:00,,64.2857
234,2,2026-03-13T19:10:28.942517-07:00,,64.2857
234,3,2026-03-13T19:57:35.680086-07:00,18.438,90
235,1,2026-03-13T19:46:11.567473-07:00,,0
235,2,2026-03-13T20:01:50.022201-07:00,841.0690000000001,90
236,1,2026-03-11T14:19:41.433738-07:00,,0
236,2,2026-03-12T17:01:06.890105-07:00,,0
236,3,2026-03-12T17:08:11.062590-07:00,,0
236,4,2026-03-12T18:04:25.434074-07:00,-1,90
236,5,2026-03-13T20:04:31.424787-07:00,8.805,90
237,1,2026-03-13T20:16:53.226748-07:00,18.871,90
238,1,2026-03-13T07:02:12.156829-07:00,-1,90
238,2,2026-03-13T07:08:54.291262-07:00,,64.2857
238,3,2026-03-13T07:12:41.755755-07:00,,0
238,4,2026-03-13T07:39:28.299983-07:00,-1,90
238,5,2026-03-13T20:32:58.279226-07:00,16.732,90
239,1,2026-03-13T20:40:42.759830-07:00,972.369,90
240,1,2026-03-12T00:25:40.769595-07:00,567.9300000000001,90
240,2,2026-03-13T19:35:14.515914-07:00,,0
240,3,2026-03-13T20:46:44.581899-07:00,9.862,90
241,1,2026-03-10T22:38:04.321754-07:00,-1,90
241,2,2026-03-11T13:11:04.345811-07:00,951.261,90
241,3,2026-03-13T12:29:11.654316-07:00,-1,90
241,4,2026-03-13T15:55:44.832756-07:00,-1,90
241,5,2026-03-13T18:12:43.877093-07:00,,64.2857
241,6,2026-03-13T18:24:49.632985-07:00,-1,90
241,7,2026-03-13T20:46:56.125506-07:00,54.206,90
242,1,2026-03-12T19:17:27.861002-07:00,,64.2857
242,2,2026-03-12T19:41:50.907804-07:00,-1,90
242,3,2026-03-13T20:56:34.717982-07:00,103.816,90
243,1,2026-03-13T16:41:36.367086-07:00,887.318,90
243,2,2026-03-13T21:01:44.577179-07:00,130.201,90
244,1,2026-03-13T19:46:00.371520-07:00,-1,90
244,2,2026-03-13T20:35:57.915109-07:00,-1,90
244,3,2026-03-13T20:48:50.330218-07:00,-1,90
244,4,2026-03-13T20:54:42.550776-07:00,-1,90
244,5,2026-03-13T21:02:24.169714-07:00,32.571,90
245,1,2026-03-13T21:11:53.771331-07:00,7.029,90
246,1,2026-03-13T13:23:12.236761-07:00,,64.2857
246,2,2026-03-13T13:54:52.710176-07:00,-1,90
246,3,2026-03-13T14:37:19.102814-07:00,,0
246,4,2026-03-13T15:26:01.644178-07:00,-1,90
246,5,2026-03-13T21:18:15.587913-07:00,8.827,90
246,6,2026-03-13T23:54:28.191950-07:00,,51.4286
246,7,2026-03-14T00:05:06.630000-07:00,3.9530000000000003,90
246,8,2026-03-16T23:24:50.215079-07:00,8.78,90
246,9,2026-03-16T23:30:06.957908-07:00,8.816,90
246,10,2026-03-16T23:39:56.246081-07:00,8.867,90
247,1,2026-03-13T20:11:58.381813-07:00,,0
247,2,2026-03-13T21:19:22.982876-07:00,9.816,90
248,1,2026-03-11T22:02:05.562235-07:00,919.384,90
248,2,2026-03-13T21:20:26.058257-07:00,8.989,90
249,1,2026-03-12T21:23:51.573094-07:00,-1,90
249,2,2026-03-13T21:36:55.449752-07:00,826.417,90
250,1,2026-03-13T21:15:28.849580-07:00,-1,90
250,2,2026-03-13T21:36:58.028906-07:00,8.858,90
251,1,2026-03-13T16:53:29.820923-07:00,,0
251,2,2026-03-13T21:37:16.704530-07:00,,0
251,3,2026-03-17T23:26:58.043154-07:00,,0
252,1,2026-03-13T21:43:58.505475-07:00,24454.662,90
253,1,2026-03-13T21:40:55.750949-07:00,-1,90
253,2,2026-03-13T21:44:58.471609-07:00,7.938000000000001,90
254,1,2026-03-13T21:45:14.806177-07:00,-1,90
255,1,2026-03-13T18:52:31.544092-07:00,,0
255,2,2026-03-13T19:39:01.857298-07:00,-1,90
255,3,2026-03-13T22:02:21.007724-07:00,62.012,90
256,1,2026-03-13T21:06:40.354910-07:00,,0
256,2,2026-03-13T22:07:42.656129-07:00,18.326,90
257,1,2026-03-11T23:39:40.870595-07:00,,0
257,2,2026-03-12T01:28:41.459152-07:00,842.356,90
257,3,2026-03-13T22:12:30.633117-07:00,15.352,90
258,1,2026-03-12T05:15:26.608782-07:00,8.825,90
258,2,2026-03-12T16:10:49.669691-07:00,-1,90
258,3,2026-03-13T18:48:07.708918-07:00,-1,90
258,4,2026-03-13T22:21:03.588060-07:00,8.892,90
259,1,2026-03-12T00:46:03.144101-07:00,,0
259,2,2026-03-12T00:47:57.874740-07:00,,0
259,3,2026-03-12T00:59:50.712652-07:00,,0
259,4,2026-03-12T01:02:03.636400-07:00,,0
259,5,2026-03-12T01:48:34.186089-07:00,-1,90
259,6,2026-03-12T03:52:48.575980-07:00,-1,90
259,7,2026-03-12T04:05:09.476567-07:00,-1,90
259,8,2026-03-12T15:45:45.803056-07:00,,64.2857
259,9,2026-03-12T15:47:43.572612-07:00,,64.2857
259,10,2026-03-12T15:49:59.501710-07:00,-1,90
259,11,2026-03-12T15:57:57.398390-07:00,,0
259,12,2026-03-12T19:18:58.706350-07:00,,64.2857
259,13,2026-03-12T20:37:05.964134-07:00,,0
259,14,2026-03-12T20:41:34.703210-07:00,-1,90
259,15,2026-03-12T21:23:53.629109-07:00,-1,90
259,16,2026-03-12T21:49:21.679656-07:00,,0
259,17,2026-03-12T22:28:17.225862-07:00,,0
259,18,2026-03-12T23:05:11.590439-07:00,-1,90
259,19,2026-03-12T23:43:30.496816-07:00,-1,77.1429
259,20,2026-03-12T23:50:01.739543-07:00,-1,90
259,21,2026-03-13T00:00:25.165341-07:00,-1,90
259,22,2026-03-13T00:11:17.872090-07:00,-1,90
259,23,2026-03-13T00:21:32.955265-07:00,-1,90
259,24,2026-03-13T15:50:29.696751-07:00,-1,90
259,25,2026-03-13T17:33:36.185320-07:00,,0
259,26,2026-03-13T21:55:30.282337-07:00,-1,90
259,27,2026-03-13T22:16:49.786297-07:00,-1,90
259,28,2026-03-13T22:21:46.812152-07:00,-1,90
260,1,2026-03-13T10:55:26.008341-07:00,,0
260,2,2026-03-13T11:01:43.220940-07:00,,0
260,3,2026-03-13T11:13:43.019191-07:00,,0
260,4,2026-03-13T12:18:56.480889-07:00,-1,90
260,5,2026-03-13T12:49:52.143066-07:00,-1,90
260,6,2026-03-13T13:04:48.101074-07:00,-1,90
260,7,2026-03-13T13:19:43.662802-07:00,,0
260,8,2026-03-13T13:23:15.634056-07:00,-1,90
260,9,2026-03-13T18:48:36.762193-07:00,-1,90
260,10,2026-03-13T20:00:31.430118-07:00,-1,90
260,11,2026-03-13T22:22:03.590134-07:00,9.55,90
261,1,2026-03-13T22:31:53.496056-07:00,8.012,90
262,1,2026-03-11T03:31:20.116594-07:00,,0
262,2,2026-03-11T12:24:35.713146-07:00,,0
262,3,2026-03-11T12:31:48.615229-07:00,836.171,90
262,4,2026-03-11T18:20:30.307508-07:00,281.589,90
262,5,2026-03-13T17:38:56.362258-07:00,6.872,90
262,6,2026-03-13T18:26:32.536477-07:00,-1,90
262,7,2026-03-13T18:53:48.275220-07:00,-1,90
262,8,2026-03-13T19:11:47.649794-07:00,-1,90
262,9,2026-03-13T19:37:45.146420-07:00,,0
262,10,2026-03-13T22:32:09.544272-07:00,6.891,90
263,1,2026-03-13T22:40:38.630227-07:00,840.672,90
264,1,2026-03-13T22:47:30.975994-07:00,969.371,90
265,1,2026-03-13T22:54:15.987999-07:00,920.605,90
266,1,2026-03-13T22:38:33.944495-07:00,,64.2857
266,2,2026-03-13T22:54:43.770493-07:00,8.851,90
267,1,2026-03-13T23:06:49.497590-07:00,1004.812,90
268,1,2026-03-13T23:07:14.495743-07:00,,0
269,1,2026-03-10T22:01:57.288819-07:00,971.87,90
269,2,2026-03-10T22:55:58.305636-07:00,,38.5714
269,3,2026-03-10T23:01:16.047659-07:00,,64.2857
269,4,2026-03-13T21:11:34.875809-07:00,-1,90
269,5,2026-03-13T22:59:01.993281-07:00,-1,90
269,6,2026-03-13T23:07:53.365347-07:00,34.209,90
269,7,2026-03-13T23:10:47.068239-07:00,-1,90
269,8,2026-03-13T23:14:49.187258-07:00,-1,90
269,9,2026-03-13T23:20:51.505870-07:00,,0
270,1,2026-03-13T23:12:46.435346-07:00,-1,90
271,1,2026-03-12T01:40:45.440914-07:00,,0
271,2,2026-03-12T02:01:53.856404-07:00,-1,90
271,3,2026-03-13T23:12:52.211448-07:00,119.13300000000001,90
271,4,2026-03-13T23:38:43.524660-07:00,,0
272,1,2026-03-13T23:16:22.931596-07:00,119.587,90
272,2,2026-03-13T23:21:28.288597-07:00,,0
272,3,2026-03-13T23:53:29.770781-07:00,,0
272,4,2026-03-13T23:56:53.184811-07:00,-1,90
272,5,2026-03-13T23:57:15.965607-07:00,,0
273,1,2026-03-13T22:00:20.751448-07:00,,0
273,2,2026-03-13T23:19:49.307072-07:00,4.192,90
274,1,2026-03-13T18:01:33.418581-07:00,18.717,90
274,2,2026-03-13T23:20:15.726715-07:00,18.544,90
275,1,2026-03-13T23:22:37.554449-07:00,188.13,90
276,1,2026-03-13T22:47:53.190318-07:00,,64.2857
276,2,2026-03-13T22:53:17.024881-07:00,-1,90
276,3,2026-03-13T23:26:42.121965-07:00,10.214,90
277,1,2026-03-13T23:30:24.943420-07:00,9.773,90
278,1,2026-03-13T18:20:52.349675-07:00,,0
278,2,2026-03-13T18:29:03.784057-07:00,,0
278,3,2026-03-13T18:41:42.362713-07:00,,0
278,4,2026-03-13T19:24:34.472914-07:00,,0
278,5,2026-03-13T23:26:55.823427-07:00,,0
278,6,2026-03-13T23:36:29.662346-07:00,1039.634,90
279,1,2026-03-13T22:34:19.518566-07:00,,64.2857
279,2,2026-03-13T23:36:36.198421-07:00,8.787,90
280,1,2026-03-13T00:37:36.047333-07:00,-1,90
280,2,2026-03-13T18:30:42.432396-07:00,,0
280,3,2026-03-13T23:17:58.123666-07:00,-1,90
280,4,2026-03-13T23:41:49.800828-07:00,28.99,90
280,5,2026-03-13T23:57:22.721493-07:00,28.937,90
281,1,2026-03-13T15:56:28.340164-07:00,-1,90
281,2,2026-03-13T23:43:07.958673-07:00,11.146,90
282,1,2026-03-13T16:39:29.705754-07:00,253.095,90
282,2,2026-03-13T17:50:32.376090-07:00,,0
282,3,2026-03-13T17:52:23.767200-07:00,,0
282,4,2026-03-13T19:29:39.664116-07:00,,0
282,5,2026-03-13T20:30:20.963783-07:00,,0
282,6,2026-03-13T21:38:30.557440-07:00,,64.2857
282,7,2026-03-13T22:39:56.650397-07:00,,64.2857
282,8,2026-03-13T23:46:06.075160-07:00,7.637,90
283,1,2026-03-13T06:17:54.433785-07:00,-1,90
283,2,2026-03-13T23:54:26.286819-07:00,9.845,90
283,3,2026-03-13T23:56:44.749419-07:00,-1,90
283,4,2026-03-14T01:26:53.583421-07:00,-1,90
283,5,2026-03-14T19:45:04.316145-07:00,-1,90
283,6,2026-03-14T22:39:57.104972-07:00,-1,90
283,7,2026-03-14T22:52:51.552573-07:00,-1,90
283,8,2026-03-17T20:48:33.369619-07:00,7.613,90
283,9,2026-03-17T20:57:00.240272-07:00,7.777,90
283,10,2026-03-17T21:04:11.525892-07:00,4.401,90
284,1,2026-03-13T22:29:03.136990-07:00,-1,90
284,2,2026-03-13T22:57:44.714343-07:00,,64.2857
284,3,2026-03-13T23:11:23.013081-07:00,,64.2857
284,4,2026-03-13T23:14:17.450469-07:00,-1,90
284,5,2026-03-13T23:19:40.160941-07:00,,0
284,6,2026-03-13T23:22:11.143178-07:00,,0
284,7,2026-03-13T23:29:21.944613-07:00,-1,90
284,8,2026-03-13T23:34:36.861037-07:00,-1,90
284,9,2026-03-13T23:37:15.881528-07:00,,0
284,10,2026-03-13T23:38:52.360431-07:00,,0
284,11,2026-03-13T23:46:28.108610-07:00,-1,90
284,12,2026-03-13T23:52:31.564901-07:00,249.499,90
284,13,2026-03-13T23:55:10.586574-07:00,,0
284,14,2026-03-13T23:57:40.469913-07:00,11.329,90
284,15,2026-03-13T23:59:27.733972-07:00,,0
284,16,2026-03-14T00:00:53.515600-07:00,9.938,90
285,1,2026-03-13T21:51:08.186109-07:00,-1,90
285,2,2026-03-13T23:58:28.290878-07:00,839.389,90
286,1,2026-03-13T22:19:45.050094-07:00,,0
286,2,2026-03-13T22:27:22.326036-07:00,,0
286,3,2026-03-14T00:22:51.633230-07:00,810.404,90
287,1,2026-03-14T02:31:33.798281-07:00,120.214,90
288,1,2026-03-14T11:37:30.111464-07:00,971.638,90
289,1,2026-03-14T12:49:15.318616-07:00,-1,90
290,1,2026-03-14T13:40:45.896437-07:00,841.307,90
291,1,2026-03-14T14:18:16.279376-07:00,842.034,90
292,1,2026-03-14T16:14:35.020302-07:00,923.52,90
293,1,2026-03-14T16:16:23.981233-07:00,163152.8,90
294,1,2026-03-13T19:26:32.963061-07:00,,0
294,2,2026-03-14T16:27:55.003637-07:00,969.24,90
295,1,2026-03-14T17:30:43.552539-07:00,-1,90
296,1,2026-03-14T16:16:15.194221-07:00,,0
296,2,2026-03-14T17:35:23.959816-07:00,4493.172,90
297,1,2026-03-14T17:53:30.925877-07:00,976.254,90
298,1,2026-03-10T21:24:39.930281-07:00,,0
298,2,2026-03-11T19:47:00.825547-07:00,865.188,90
298,3,2026-03-13T23:38:59.557940-07:00,,0
298,4,2026-03-14T00:18:25.916152-07:00,,0
298,5,2026-03-14T00:18:40.312502-07:00,,0
298,6,2026-03-14T00:24:48.352449-07:00,,0
298,7,2026-03-14T00:38:48.222980-07:00,,0
298,8,2026-03-14T00:53:30.814394-07:00,,0
298,9,2026-03-14T19:00:30.117613-07:00,,64.2857
298,10,2026-03-14T19:07:39.990144-07:00,1.486,90
299,1,2026-03-14T20:20:14.047015-07:00,,0
299,2,2026-03-14T20:26:16.736150-07:00,960.264,90
300,1,2026-03-14T21:30:12.848003-07:00,8.975,90
301,1,2026-03-14T21:47:55.823463-07:00,974.065,90
302,1,2026-03-14T22:00:43.492098-07:00,975.561,90
303,1,2026-03-14T22:05:47.538138-07:00,8.313,90
304,1,2026-03-13T18:36:08.644166-07:00,,0
304,2,2026-03-13T21:53:38.693853-07:00,,0
304,3,2026-03-14T20:11:48.744765-07:00,,0
304,4,2026-03-14T23:10:43.844069-07:00,5.816000000000001,90
305,1,2026-03-14T23:45:18.568264-07:00,839.181,90
306,1,2026-03-15T00:11:23.574124-07:00,630.224,90
307,1,2026-03-13T20:01:18.552186-07:00,,0
307,2,2026-03-15T02:09:27.304291-07:00,969.9830000000001,90
308,1,2026-03-15T11:12:11.589909-07:00,,0
308,2,2026-03-15T11:31:49.808170-07:00,969.714,90
309,1,2026-03-15T17:05:13.064289-07:00,-1,90
310,1,2026-03-15T17:05:16.465898-07:00,838.6650000000001,90
311,1,2026-03-15T19:42:34.737836-07:00,8.408999999999999,90
312,1,2026-03-15T19:54:33.357328-07:00,8.952,90
313,1,2026-03-15T00:11:26.163363-07:00,,0
313,2,2026-03-15T23:24:55.611377-07:00,,0
313,3,2026-03-15T23:44:47.696745-07:00,,0
313,4,2026-03-15T23:45:29.563449-07:00,9.774,90
314,1,2026-03-12T02:06:16.279484-07:00,,0
314,2,2026-03-12T02:07:38.466672-07:00,,0
314,3,2026-03-13T01:28:27.705916-07:00,,0
314,4,2026-03-13T01:55:45.525597-07:00,,12.8571
314,5,2026-03-13T02:43:04.821949-07:00,,12.8571
314,6,2026-03-13T02:50:39.064349-07:00,,12.8571
314,7,2026-03-16T01:48:48.561421-07:00,931.645,90
315,1,2026-03-16T19:36:35.854682-07:00,8.909,90
316,1,2026-03-16T21:56:30.126442-07:00,832.318,90
317,1,2026-03-13T21:55:26.127974-07:00,,0
317,2,2026-03-16T22:49:16.063083-07:00,966.025,90
318,1,2026-03-17T22:41:37.874987-07:00,846.768,90
